label,ADAM23,ANK1,ANKRD6,BAIAP3,C2CD4C,CPNE6,DMKN,DPYSL3,EIF5A2,EPN3,FABP7,GABRA5,GLRA2,GNB4,GPAT3,GPCPD1,HAPLN4,HR,IDS,KCNC1,KCNG1,KCTD4,LRRC56,LYPD5,MET,MMD,NECAB2,NEFH,P2RX6,PEA15,PKIA,PLXDC1,PNMT,PPM1M,PTPRA,PVALB,RBP4,RHBDL3,RHOBTB2,RIPOR2,SCARA5,SCGN,SCN1A,SCN1B,SCRT1,SEMA7A,SERTAD4-AS1,SHD,SPTSSB,STAC2,SV2C,SYT2,TUNAR,VAMP1,VAT1L,WDR86,YPEL1
L_bankssts,0.5477034804194241,0.5575719583247803,0.5706458852935917,0.560280633911458,0.7571918377702271,0.44240137326748913,0.6376186738954143,0.45332209498170023,0.48066499268695484,0.5018748448576993,0.5028727133051675,0.5290188741318116,0.43729494315066114,0.574673790164593,0.5017535499076952,0.6432910736386964,0.6261927467759814,0.6787454064807094,0.7405869870993556,0.6582263437648787,0.5229579387822403,0.5057792829748168,0.5478017754475735,0.5365403259954814,0.8315643463297754,0.5716935333977736,0.5862253935046218,0.574176426255598,0.5203171926707585,0.4166777349209269,0.49930530134776147,0.6735114020009422,0.437915977466044,0.540740857460024,0.43882332213107467,0.6877922191775813,0.5489840925035558,0.5466798100345804,0.4365842011251034,0.4985115110828752,0.5393047665822919,0.4402637592521192,0.5948894729080442,0.675666118641284,0.594188714995168,0.6836779733447833,0.6117898034904852,0.6487024237944806,0.5577558208971162,0.7152510512744982,0.42333769182867553,0.36926536268194954,0.2614670303891443,0.4355536481981352,0.3804897450657685,0.516890321027132,0.5942480362148527
L_caudalanteriorcingulate,0.22130476921998402,0.3947477421171957,0.760159662065262,0.7152228872167105,0.8851895727473701,0.6377593295414506,0.3037719212246107,0.7412337300617097,0.25370293653221526,0.21040918617315527,0.8221723168450824,0.7014005855741562,0.6434941965573017,0.8107917444276856,0.21164815599791106,0.22496028137140947,0.3085738430036596,0.4210551958529902,0.4822350532939827,0.37398323061959465,0.7421745251726509,0.5169695541014739,0.7342127173602201,0.30234156271071627,0.31397156206340754,0.7648332548420731,0.7165666541241147,0.3193187647761088,0.46012777032162516,0.7949533879986536,0.6790992370394392,0.35514214847226566,0.599863528213782,0.7465999314436876,0.7021386711276673,0.3684059999270728,0.7480399291033365,0.34567883160831675,0.26644121078034894,0.767075986002586,0.8065959944439177,0.6933447023809568,0.2893655585095368,0.2767633699815727,0.32546607560579144,0.3432145066002237,0.31554626020182236,0.21818654141582935,0.23685164212955703,0.6240665290630432,0.2632649413478982,0.2173145858254982,0.5586947362377227,0.17572218522943464,0.6234968848483238,0.7407572315551155,0.7245610523732036
L_caudalmiddlefrontal,0.5957823309257798,0.6157264831620592,0.5092853850515006,0.6368003698229251,0.7520174069993307,0.42643717654550656,0.470064154345371,0.4849523886554949,0.5947263055363914,0.635806857914793,0.5221660430631384,0.5411948929445648,0.36391555970711126,0.6324553679903651,0.5450230203394081,0.6156364398440585,0.7722987595618864,0.7438735606827711,0.6779136007594643,0.6606411839825157,0.5619623110740939,0.3106116424801021,0.5114164588033355,0.5945639706058136,0.493828701502675,0.5966229342509765,0.4948460902885914,0.7237481352987127,0.6768693260796211,0.4686971741272817,0.4771867696842615,0.7066195234715034,0.3379657535781723,0.5664262957368763,0.45522497026887226,0.7705910432063737,0.6168495945807381,0.639764881072214,0.5759215233967127,0.5169492475047831,0.5586143200185689,0.3965282756686535,0.710366044985232,0.7094460119034723,0.7008228072059426,0.6615686577703687,0.5462837067823311,0.6753991496077956,0.6405507782078407,0.799317221635884,0.4486174382703057,0.5181961956023351,0.5752365694875048,0.4847377353045255,0.46290123875092054,0.620270982788168,0.541700388242907
L_cuneus,0.6628893367347102,0.7801339140546414,0.30416816131538843,0.3086626857269757,0.4375348775081836,0.24014036842566736,0.8018780102502888,0.2464613982648403,0.70683684419922,0.5856935516728484,0.3202669672923431,0.35404740952839203,0.26012183913490633,0.37351191992392313,0.6639541920490873,0.8368787022631468,0.7671228241357143,0.8657892551808413,0.8419944101209706,0.7826295053310869,0.4279580850424769,0.26334485327514146,0.4606380493957875,0.6958671865799215,0.869560753022245,0.4377102638003774,0.35422733099295395,0.6615372815278321,0.7304318516191987,0.1905011217341027,0.250743585960429,0.8359126818783108,0.25044846562858886,0.4194909000915142,0.27288292961028643,0.8029670408201413,0.30547048582874203,0.7634006439433393,0.5162552765158728,0.24539476162883864,0.3670268838055189,0.29202404306321755,0.8086757674100324,0.851006159839193,0.8351258765781052,0.8165193336421104,0.684617625413404,0.7853794272631219,0.778847149080141,0.8708465750387641,0.5434484516463527,0.6180820662283286,0.17720337778310077,0.6503263167119624,0.24016918796877507,0.3454384239653954,0.38489811459143014
L_entorhinal,0.19852162205070878,0.2506885011250806,0.8023122995819106,0.7480497448989465,0.870704013615919,0.8169437657130403,0.22239182439722158,0.7415148763426888,0.151801925120416,0.1627306934462596,0.8607045289680691,0.8440522588511702,0.7907061198276125,0.8068709221451772,0.17907357390067505,0.19065332404536792,0.1535177292610215,0.20260242583333696,0.3883202386375329,0.27080184871368707,0.8642532869155026,0.7533860421852595,0.9040388129136113,0.3024961542061441,0.6545029314067392,0.8509590694307456,0.7910340881712669,0.20878352654963817,0.1502142642831527,0.868726439043687,0.8158002051228329,0.23407683162938345,0.6095724349191601,0.8265830670400596,0.7802852215566518,0.2045698174822006,0.799382685478207,0.23722702014722485,0.22750411915950738,0.7911575869073576,0.7923857289336534,0.652476299753055,0.14805426642949762,0.21187348050153354,0.26501737649667506,0.2845895357017731,0.2509378257027086,0.16108182192573348,0.19553384461968545,0.2798959126018004,0.17243162463469355,0.12288488012153581,0.6053840274243381,0.155583864926772,0.5448085932289312,0.796794575458065,0.8753596401523365
L_fusiform,0.40755430317682045,0.4193898086783035,0.6806851884779075,0.6364387955207348,0.8158308045436775,0.6773605337950119,0.45481703109797933,0.563461811410253,0.3033689438656754,0.34927505086532457,0.6580283027197743,0.6547415168256943,0.6117071189341817,0.5955092794798013,0.3953076453081394,0.43679985111577113,0.40334205040426646,0.4570073900196709,0.6135339857417202,0.4934141383420995,0.6943100641313563,0.7163497724936622,0.6874048263629855,0.3870969598827967,0.8783923766277746,0.6878701804293161,0.7343045459502382,0.3715138447247078,0.3383765770210247,0.7092863701100106,0.6584480558512348,0.49262846976120045,0.6069276742046897,0.7043050348912203,0.6294787244025534,0.4822053637295858,0.6144257012697013,0.3669080228665315,0.323898798814851,0.6902715741897886,0.6039709245805178,0.48254577653708064,0.42481587562867124,0.4765299426131295,0.4486955492866582,0.5025878769486124,0.3922390054172851,0.4550055523436536,0.41022449894673546,0.5299725322170213,0.2840708519576813,0.24598194314559993,0.31849205490059435,0.2971495885626684,0.43683338940486266,0.6487882320479237,0.7214880790862215
L_inferiorparietal,0.6040070461496108,0.6212834293011588,0.49912195492131817,0.5192743404803498,0.6996517962407468,0.38846446468925944,0.6956236710187166,0.40350774722676447,0.5783770512693506,0.5428176243008375,0.46242037091616933,0.5094435152165184,0.4114254547937468,0.5410265466773628,0.5530071615289109,0.6788749019652993,0.6888631025183831,0.708518228790178,0.7771167599852408,0.7020070335526888,0.5026439370278517,0.420495827900441,0.5034768444286629,0.5972855416421995,0.8651295715950983,0.5424233316774097,0.5162812571344796,0.6236745354707743,0.5691918823921565,0.43304045885604636,0.44611551413219175,0.7608903688924659,0.38811026230814355,0.5489785509650549,0.40566217391703624,0.737337521074171,0.5114511366287916,0.6342187537198708,0.500808532093215,0.4309189457992653,0.48983153472897795,0.3670674847071997,0.6637234412124061,0.7406219383012328,0.6739712441060156,0.6777218032910541,0.6001788448053702,0.7033493714710247,0.6488202272739806,0.7757800415988906,0.47772407704573133,0.46373683866433274,0.270449219589672,0.5017227141568488,0.3554900797460798,0.53318610802855,0.5484495856216018
L_inferiortemporal,0.42231550737064016,0.4330699585519941,0.6613708748194759,0.6369923732491282,0.8405652890729902,0.6465281504362442,0.5175322789218318,0.5344511304811891,0.3441388278663425,0.36748812782579376,0.6544108866254748,0.64178016078038,0.5854043110204746,0.6152951996612515,0.4234790835392101,0.47935100841892875,0.47554612400403595,0.5427402225299786,0.6449356905025214,0.5229555870561915,0.6870428410603012,0.6950273457109408,0.6440710340673256,0.40716530034799203,0.8640908118186849,0.6674270381723374,0.7129138379700711,0.39713139314125306,0.3581030210627405,0.6845579283276654,0.6515342765665922,0.58150755433185,0.6172016213154351,0.6557303598382173,0.5832210424600263,0.5507820646960745,0.6275210809840623,0.4020292551764149,0.319606291778163,0.6473102994143344,0.6107218596210434,0.468059652607325,0.45627308253418214,0.519118381701803,0.4738060301673932,0.507661978991097,0.4409193654010206,0.5492468352853821,0.4499321003623796,0.5853336686239806,0.3014201114040916,0.2320092521234138,0.33177313928824753,0.29575709894520064,0.44078015228775436,0.6443674858982851,0.6876562873897418
L_isthmuscingulate,0.624143499858877,0.597575004991992,0.5721055363710382,0.5423108142360133,0.6963416932596121,0.3658210220930748,0.6965411764230032,0.46761421197041314,0.5594128049091255,0.5195519164026207,0.4920017580168115,0.5166369047494497,0.4565642975229606,0.6242863266206714,0.48043924985154485,0.7015370182811393,0.6406781157699143,0.7205625743234063,0.7139699126586748,0.6430341235081974,0.566699364997846,0.40667790076731897,0.5696807502572351,0.6059963684421016,0.7829928368421665,0.5971841154881733,0.5101941696184585,0.5910096571636246,0.6620564167912973,0.39267388253942764,0.4566892703224372,0.7632250400991752,0.35753663323204354,0.5333056971986719,0.47696111087603216,0.6695050879870929,0.5526543210647548,0.6523542971701111,0.44539347300017557,0.4446174106750866,0.5520659773365937,0.4117225365812766,0.650977728946811,0.6618581502911695,0.6922205233544667,0.6454505580641419,0.5943575778067952,0.6011803936072779,0.6537890997473009,0.790766531085033,0.38288302960705384,0.4149645709296301,0.320711170746702,0.4467073489978614,0.4377199035387512,0.5374146500413723,0.5126366477414805
L_lateraloccipital,0.6683235457753613,0.6968138265325822,0.4014307831374046,0.37528937110765903,0.522976349704842,0.315222295028539,0.7789909577525335,0.3036162346273788,0.6408261631120141,0.5836962017718842,0.3455823222912368,0.3943779592141277,0.32578825004440515,0.42509557913124213,0.6351417864647383,0.8020508733653241,0.7426370950219426,0.8161382724375358,0.8213518582528971,0.7438262359196202,0.438482134626121,0.37374590004014036,0.49338513274835744,0.6565612501733114,0.9004956012346268,0.4641303065247801,0.40573075430908045,0.6356496125906351,0.6690830718400244,0.3102211913987641,0.30688997113063665,0.802956600671453,0.2899694550365826,0.4388585333745445,0.32547536850188286,0.7611382671095214,0.32031534367743536,0.7466798907155493,0.5180603878026543,0.33089349709549715,0.3751347126663431,0.28733668495595444,0.7626842279548258,0.8027641745288604,0.7589247556779859,0.7902795470328225,0.681703084777357,0.7503632662429501,0.6977911180029969,0.8085045391599911,0.47826387717291063,0.5144280355368258,0.18606315012382915,0.596562662359931,0.2908279281863433,0.4325265100298017,0.4670527772118594
L_lateralorbitofrontal,0.41207868071373704,0.4639887982125605,0.7102599795307173,0.7522727770107792,0.8763516080947064,0.6267352535147485,0.4693051984407261,0.5404463991228444,0.3957186892743356,0.35874472417919406,0.6331697238698847,0.6772100444505483,0.5327090954417173,0.7078243029693896,0.3705050783858035,0.4464292870847302,0.5457138259749157,0.5635697135541746,0.5911989053985313,0.48715777116687514,0.7263483856275705,0.5346333733852565,0.6129464174899865,0.4196835671723617,0.7016684440308677,0.6859194159010521,0.6713809748169052,0.38922419096281646,0.48549785324959466,0.65868869874978,0.6440067448144963,0.5442094070408695,0.628464277479973,0.6879097067187375,0.6036898621845274,0.5651794843183616,0.7117775560059791,0.3759706510554764,0.30194936990578203,0.6780071673160534,0.7486850625419867,0.6238581657696972,0.4625488394062396,0.4433975358257829,0.4635705014782543,0.4505197495981996,0.42967585694224447,0.460338463471976,0.4955589451722406,0.5888023706104948,0.2367031372946815,0.22264093671701515,0.5038238561144169,0.23899570173136983,0.48416182246041184,0.6945140762959903,0.6893128540283332
L_lingual,0.6607553487463901,0.7326846162978007,0.35366241466935316,0.2910071209818387,0.4531885755714533,0.2811205049448076,0.8296458018367229,0.24490951871238478,0.6215022794491057,0.5473601520948594,0.3408762435653165,0.38523041278314657,0.2844739604154766,0.37875058386959043,0.6315950807764845,0.833185133582521,0.7021437025131408,0.7937820201369141,0.8417171278666946,0.7273106758040692,0.45451825808040075,0.30160013672911523,0.5001439991444755,0.6458355423994817,0.8644159272330088,0.43109511237372417,0.3508065106411821,0.5861723163359692,0.6944943526165998,0.2572183317943134,0.25037348256348074,0.7711116872611156,0.26632188872791257,0.4407516246230169,0.30299759812551746,0.7617610576757233,0.23417459603326196,0.7566261083305017,0.49769612070300234,0.2940575164937023,0.3273381696327416,0.26520448304153493,0.7780638792166868,0.8042623635002796,0.7662228764662112,0.8082248513220848,0.7032659861968713,0.7348450641521015,0.7356952157671941,0.8295089400740125,0.422990497999813,0.544752208833481,0.20864964035354663,0.5973325630444009,0.2639987598580321,0.32448813476633726,0.4352210098170732
L_medialorbitofrontal,0.34126730806056876,0.38428796779170726,0.7873392189081191,0.7848980607774062,0.9235497126499242,0.6749341966634331,0.44054885857903314,0.6375046665694775,0.3395699802162228,0.2855965312990379,0.7181759375536033,0.7195083740818892,0.5644078369028784,0.7484748581190176,0.28584370316678154,0.379444453193756,0.4529614672764295,0.5037711685935818,0.5887796892947076,0.42319592218743624,0.7794583924986376,0.5908336167725654,0.678612666967862,0.3138004721257648,0.6670174421898812,0.7202524480091822,0.7567591014048255,0.26969243576578567,0.43828791361045977,0.7316103509588682,0.716320139566114,0.5362972731356681,0.7177099196139362,0.7702087957120979,0.6584462138156731,0.44746894171328483,0.7716551791382432,0.30451863414328156,0.23585389496969475,0.7266405106284214,0.8239815372789074,0.662404793785236,0.35123062333973154,0.35217344613476326,0.3975298950186213,0.3761798678602754,0.3449972184655992,0.3701346491632072,0.41314952874063876,0.5274528602345424,0.18694606432912872,0.1557036446031341,0.5092941885838882,0.18060168653377054,0.5240902682603686,0.7253364253520643,0.7444444703088475
L_middletemporal,0.43902317070668606,0.4440738310637336,0.6462782256252352,0.6454234696842341,0.834342193306917,0.6099752897853485,0.5246667446066866,0.5311494650990275,0.3788621394853653,0.3775397335419095,0.6165210452273372,0.6133969370132041,0.5502497550254405,0.6264076927512473,0.41129042042941566,0.4825913495752807,0.5018431790016853,0.5680141347991918,0.6301863356036899,0.526042207706669,0.6625455273804404,0.6462227826845028,0.6202467480231467,0.41246287138404986,0.8580188939486297,0.6559361866506898,0.7158252291735346,0.4326551310675211,0.37597928776482353,0.6478298865442479,0.6351141710774895,0.5961251485577899,0.5890243781620436,0.621505331874403,0.5591916788995474,0.5757489891271893,0.630997804252059,0.4073435008630348,0.3122108262745747,0.6141426662100619,0.6097887409491739,0.43572176175627714,0.4565458929479593,0.5189795329451734,0.48260065738041075,0.5007751355238813,0.4484383812479986,0.5420554241188102,0.44759351831585864,0.5870418194848476,0.3169080057049068,0.2432806679329574,0.3492333674322446,0.28240292770019754,0.4234951792296335,0.6388683255277097,0.6774822774617335
L_parahippocampal,0.3028150420364794,0.3260083960740392,0.8317089136342203,0.7456991531948112,0.8306888542103144,0.794742714544185,0.40737624066299966,0.6998158586659766,0.23470319145651242,0.18036452611210566,0.8133073008799525,0.7813545151854284,0.7364567255251133,0.7269347664514121,0.2686290735027735,0.2934737366333352,0.2559555373275557,0.2782266483681933,0.4704018728088852,0.3350175695420176,0.8311954480217941,0.7714515802570131,0.8312462301106079,0.36127111079501467,0.7930035464127082,0.7798003395630305,0.7307631441105582,0.29854582175443384,0.2855831753254568,0.7838318919585068,0.7638616320480297,0.33255643596013124,0.5419884053611422,0.834820952116141,0.7700425471829827,0.33351210224623945,0.7508368358615841,0.22698431585337397,0.28146679214032827,0.7674984695516501,0.6538945705362057,0.6053043990838127,0.3307436258064625,0.32813367242919106,0.3179652391048782,0.377065743892293,0.2833166358470461,0.22620619209157855,0.4011309736680513,0.4266626007297118,0.17589186010847083,0.15772595014593557,0.5346706280667111,0.20917696298001856,0.5031043322264211,0.6403406419271674,0.7837942299172962
L_paracentral,0.6936113901019697,0.6738134149386287,0.47097669075092474,0.4650020783242415,0.5978097336650962,0.35096307250978703,0.519214276262848,0.3726393335031222,0.6329419367833654,0.7124065249747314,0.44768155352827094,0.519965861372408,0.35236352374370833,0.6467466711109712,0.6566341078128465,0.7058621866551998,0.7635385601632682,0.6767281882364765,0.7398860399599373,0.7549737955708968,0.4899154353907082,0.27654015192421844,0.49388400223854223,0.6807521062193116,0.45288263321463007,0.5735554682537358,0.3886547173939425,0.8052987542954692,0.7467172684972844,0.42115609120154635,0.401938197095298,0.7221538330346705,0.2264977514470928,0.5027881775219889,0.367454111367937,0.7779353177138429,0.4880204339138758,0.7127613600309748,0.6805082346500134,0.4747236452136907,0.37916551870548726,0.47324394179242907,0.7412357978074944,0.7518800456551128,0.7131012709360535,0.7141508726420439,0.628131475403338,0.6566514004836185,0.6213419035422363,0.8606280660372643,0.6291699824375169,0.6512075134525427,0.4115226411982856,0.5792544906205497,0.6068565097548146,0.4593298184216021,0.5426132742644468
L_parsopercularis,0.5927901117776648,0.538812812265978,0.662117395281202,0.7015818595849957,0.8098760793600278,0.47111778861106507,0.5350054070295239,0.500618400579174,0.5271883686359171,0.5632909073571054,0.5339239625557759,0.6584787190498854,0.4442180779458298,0.774991639738705,0.4942084588648516,0.6000062182158986,0.6997993152672229,0.5841352987583283,0.6729055713645152,0.5964338916921267,0.6265335384287615,0.3779298195520904,0.5502104191973851,0.5162451053497316,0.5958784152018551,0.693716783455114,0.5692487403660976,0.6665093234019254,0.5585388698378099,0.5388165885787879,0.5601980455073357,0.6355621875910049,0.42852226632614204,0.6266831647168751,0.48408514814563414,0.6866261033835301,0.6678329741335295,0.5081661199499968,0.4422621891437674,0.5551388404058134,0.6234210333391906,0.5017781161403282,0.5773645470276922,0.6152452100055357,0.5540505998998925,0.5934746146654445,0.5458795486403988,0.5647892007336989,0.5536556709926052,0.7035930965115856,0.3449038515874736,0.38082521034909655,0.5435085924768407,0.32461375972093387,0.5158502436128533,0.6224422269992878,0.6418452021974558
L_parsorbitalis,0.4494834791074369,0.4836422926347235,0.6077486535990023,0.6772302175791679,0.8254273951988946,0.4945750297052801,0.554285706792109,0.5297456671814882,0.45630546012880446,0.4682136372336105,0.5547600612863672,0.5605969790772327,0.4466846047406138,0.6688312482492815,0.4463934200369407,0.5924180205520249,0.6302906952221274,0.6094740984983067,0.6812361933376807,0.5264098793607243,0.577588642937522,0.41074374177093104,0.5182660155986555,0.4617975932971566,0.6705576055315392,0.5647489903673699,0.5763741710243251,0.4746021712787636,0.5257401830020185,0.5274399075099743,0.5673360562004635,0.6093953239796944,0.5006498701227506,0.602581382560409,0.5070572564448326,0.6778029132763634,0.6536829831769388,0.5251734447438765,0.3000759881695438,0.4989493596461477,0.6878371329657744,0.5823702304630216,0.5090358413442602,0.5870371890566659,0.5157212983896928,0.5298707649659109,0.5659809246897696,0.5911027295721486,0.5198869748344791,0.662656103149436,0.2537067728322218,0.24111678281489374,0.45637780177197507,0.3520970070236843,0.40449326725754653,0.6021201559830687,0.6094662985594873
L_parstriangularis,0.6040672094235041,0.5436576513793858,0.6105586850985489,0.712427931086447,0.813296383934444,0.47270334160071387,0.566304050701087,0.47586685486812114,0.5379402323688485,0.5229238621077393,0.5053853238835697,0.6479348970544972,0.48437271708692303,0.7187421216512564,0.5060046784740113,0.6140371104630682,0.7010682240257807,0.6667676437237656,0.70578260822484,0.5861876092522321,0.587485585389449,0.42985337356138137,0.5371092710986608,0.5033811248328207,0.6729423859596197,0.6762326944882585,0.5664714988613716,0.6261069367545841,0.5092723546387568,0.5194622258637024,0.5786709340437873,0.678305036069403,0.4644884199124592,0.6280191789229548,0.49382631830728024,0.7177416604706988,0.6788135632123092,0.49138842893229895,0.42481415942430445,0.5536648033802075,0.6703480860150307,0.5326321451879609,0.5969938854332241,0.6464438747585216,0.6027673323071457,0.5866597159604903,0.5315120482879384,0.6030637741375552,0.6050885691398303,0.6844594709630686,0.2962624269370563,0.35142572191771665,0.49747318599833595,0.3456901984015688,0.47924225742154,0.6056396610374266,0.6407300615451491
L_pericalcarine,0.7810093977282354,0.8786034090670153,0.1968964143679173,0.14971111675787557,0.24041795892421594,0.19781460760445468,0.8696460942231391,0.16758595962151626,0.7544669797898838,0.6339366684662083,0.21982470779429572,0.2693702840124839,0.14906311643031178,0.2818087211813687,0.7471136658112414,0.9326323073064456,0.7836474633061488,0.9058142489812457,0.893675310835305,0.8358854090056628,0.35838653424023764,0.13492544541083565,0.43904852198710137,0.7575216710363156,0.8605924122630775,0.3517301036690656,0.2073768086014632,0.6861470889519694,0.8102610877863022,0.14096454344555548,0.09080435134301341,0.8513559420816169,0.2075411585211783,0.34639251824604383,0.1613163080940219,0.8767783825360297,0.0851831314909648,0.8685434462102232,0.5931087021711764,0.17662433854573087,0.19348544181949448,0.10797070660175985,0.8940026703332236,0.9215662614832932,0.8883629136691966,0.9161798659360199,0.7615206228392318,0.800850604687431,0.8314543221369483,0.9099502301000565,0.49217461931062206,0.6971672676825431,0.18720616287990877,0.6730896427961951,0.20386860889485406,0.21218935486223633,0.32590153553693746
L_postcentral,0.6890041226885707,0.7088020238974266,0.3930889140826522,0.36147357694985094,0.5114583847170896,0.2640626769498581,0.6726567644220748,0.30527603958115607,0.6420092406781336,0.6657702377497455,0.29614777055080393,0.45143867937614135,0.2819133889441121,0.5630688611542071,0.6601183927401298,0.7755129636642546,0.7391246127049512,0.7656641294405643,0.8225342981445675,0.7752738970294657,0.37075471857323167,0.2707873096602388,0.45436798431785447,0.6605597283416443,0.7329769204463941,0.5191010197160281,0.3903894862371296,0.7303869417041233,0.6764604641526736,0.33405057298057206,0.32646907406364567,0.7764861587314629,0.26612644360811033,0.43761283149504826,0.3395405843557684,0.8140965438833055,0.4040659727122892,0.6959900340874321,0.5958622670963977,0.34920267688561074,0.39938655631949027,0.36029650526046414,0.7232199765536138,0.8190762207431268,0.7559481206165756,0.76962018662682,0.7196890085375282,0.7054911641314324,0.6349198927793842,0.825256307312474,0.5476954024893881,0.6132194471196261,0.19685784292225714,0.5538193696152471,0.4036196699184829,0.37838552128600594,0.4896769142510295
L_posteriorcingulate,0.49196471386478113,0.47965244849356004,0.7236907833219811,0.6609955381712247,0.7958776368049106,0.5225863306591615,0.5014488347975935,0.593154111625456,0.43036996239737674,0.4296639001028566,0.6176539375546009,0.6606566182922898,0.5080423533204259,0.7436512602137414,0.3839587786282134,0.45805870609426824,0.5415240425388848,0.5605018594784629,0.6283117187882314,0.5428434986302665,0.6558994834894979,0.4782871789243089,0.6137286907495921,0.44927287424848855,0.5716636595801924,0.6920394849130312,0.6092266265041314,0.5687778553099955,0.5884083219490313,0.600638600850229,0.6019570435243969,0.5627226425708266,0.42930074259953255,0.6658696420344073,0.500203744035907,0.5561677079026608,0.6766802170454271,0.485460401735957,0.40290321632451104,0.6080440126204056,0.6257022227613196,0.534586766937749,0.4624055894292493,0.5055436983017687,0.5139104197862089,0.535809908675393,0.4909672952800191,0.4470768127094145,0.4566396884000339,0.7429643306726458,0.3334227268991965,0.36677291599480877,0.43249976069031,0.3605455589413218,0.6317514795067715,0.6108078120601754,0.6103337748481164
L_precentral,0.6901661231395324,0.6656362141952502,0.4406091610799199,0.42472600333574523,0.5952706389637309,0.3207424734978734,0.4680955113793573,0.3530530847116911,0.6242394689630867,0.7030847004999958,0.4123310595931314,0.48999523927071453,0.3360558381632033,0.6249047768883352,0.6353127967820473,0.7049078500691147,0.7723642183540501,0.7336995859010526,0.7250651514513002,0.7565540188305361,0.45579007987370407,0.27368046523054307,0.45555543449983954,0.6307710194537982,0.4106226614078956,0.5645720093952785,0.39350981758774334,0.7780374905049774,0.6993328043077405,0.4110651021179627,0.3945716955812339,0.7457867120640058,0.22549287677056565,0.47291585589821433,0.3712755561196372,0.7855815559854983,0.47427511648958537,0.6809433195035585,0.6507504818831382,0.4379487836362263,0.3911317587491527,0.4179156893291269,0.7077993543215757,0.7698783433200385,0.7440332095645172,0.7466433067382735,0.6585085531324107,0.6680919400088213,0.592588831975143,0.8405252372758731,0.5843448210694812,0.6360933622568559,0.4525456850585456,0.5642455789524711,0.562732455830747,0.5090899359528949,0.4818810368788549
L_precuneus,0.5791196554613189,0.6193779155420654,0.4962319588602713,0.5422633077754013,0.7156396646173241,0.35820040572740325,0.7229775730468214,0.41922287165451083,0.5336084505857747,0.5885833843419638,0.46089791723948875,0.48215328869673413,0.3775507406268917,0.5272373712448463,0.5112169031494627,0.6562999112811233,0.6922850369464087,0.7489198968573497,0.7652628911072964,0.6829074815951608,0.5075897717736512,0.352054899140688,0.5058186649260392,0.6052131970515707,0.786521026796109,0.5172865825883216,0.5126962570008101,0.5878987985597671,0.6560850578215494,0.440892529841125,0.43938134520614686,0.7533901347994133,0.34723360895320715,0.5414238200083618,0.3983978456366147,0.7021337653288758,0.5607256247362561,0.655846833485327,0.46742873684945874,0.4274940435392715,0.4942488770429638,0.4498858979583706,0.6713857176721931,0.695806220391051,0.6852392329618441,0.6847589340791469,0.6163081003528493,0.6794277824586704,0.6276737291571574,0.7855092199161557,0.4648037351654319,0.44806846467488426,0.2676192222761282,0.48895781583334447,0.37878979215557523,0.5043222412205938,0.5345769620672339
L_rostralanteriorcingulate,0.28130252165173913,0.3641002381738709,0.8167151706368144,0.78489400402409,0.922972703562623,0.6757600862085976,0.4191312213292475,0.7201969526688347,0.2427945620722742,0.19186277620373945,0.7511479460427232,0.7514132473352637,0.5952058947818825,0.7936876163948633,0.22983707692683072,0.3097282910237922,0.34001455871924563,0.407981955312142,0.566293570184809,0.3373854247818442,0.8010497821636816,0.6105118951753882,0.7416216619972115,0.2716281849748054,0.5517970110213998,0.7473926607024658,0.7665622723427736,0.23231773138873046,0.4952449559322658,0.800785429737478,0.7536411003806603,0.40348787097934924,0.6747266191870104,0.7880827198216221,0.7312133032959139,0.3447642942745921,0.7762741460356942,0.2836817181309934,0.20527335959332896,0.7763255966764527,0.811899201655219,0.7156345220733661,0.24535401757328787,0.29554323299257096,0.32882021877201045,0.34635917536483524,0.31671976054776363,0.23061907634322223,0.29171946588335484,0.5704025796324964,0.18290498629947574,0.14366684752933645,0.5471367133477657,0.13225732050531933,0.6173278246784123,0.7231378301016069,0.7574999398565784
L_rostralmiddlefrontal,0.4978033881925003,0.5174940699817536,0.6248185874772482,0.7135277175283745,0.8506982002852981,0.5225791529936411,0.5890125926570804,0.5220645730375937,0.4964323319837427,0.46805399914243573,0.567751752296615,0.5764829453488131,0.4277434971951876,0.6560312535811821,0.4407656642469426,0.5737870549076075,0.692094645654051,0.6742188664562304,0.6532943179877773,0.5741583617769,0.6351420874310888,0.4064066090237768,0.5386899004692477,0.4994472817255804,0.6868948047180486,0.6041690942706931,0.5915992321788577,0.518020200246097,0.5781794016738784,0.5411746796453195,0.5577618479712753,0.6429043309935837,0.533404279448232,0.6359083336812136,0.5358987509487708,0.6795482813913427,0.6814764257726075,0.5140237373708396,0.3623303453011281,0.5480363427992883,0.6332187194867748,0.5217120019896306,0.5704727927305974,0.595148546491021,0.5680937312816571,0.5429563236070267,0.5224357407924077,0.6124842679640555,0.5813249663432982,0.6912911677282253,0.27265511533758974,0.29389282650166243,0.4795984895783378,0.3360312157519571,0.4145660678005542,0.62788558455787,0.6133256404602317
L_superiorfrontal,0.5129089212078632,0.5137137390673868,0.6442359313874201,0.6768624207058725,0.8131746264131064,0.5102155168020354,0.46075796160606747,0.5490397214072643,0.4921868053131049,0.4976813522583874,0.6037896423850596,0.6314577701320304,0.4520530922822927,0.705314298286836,0.44017480424856,0.5073228369080384,0.6543040186126118,0.6676878959723126,0.6043438057014462,0.5874864183895036,0.646360935375473,0.41795448673289876,0.5508653349467513,0.49577672504736264,0.4914813899655331,0.6567694767533911,0.5851539902049381,0.6041780820570984,0.6247605303588911,0.5800059685682634,0.5639473391549891,0.629157487327287,0.4364579322033659,0.6282750548003939,0.5320583991262776,0.6726440688446212,0.6776581230794784,0.5127418855113176,0.46215318620555945,0.5967566662951577,0.590384644581496,0.48640991206180556,0.570716819622889,0.5863564968838129,0.5862662518490378,0.57292942550428,0.4927367555599346,0.5338628870074974,0.5287202820663944,0.723505149323986,0.3754367509099126,0.3933579873704433,0.6042169721458945,0.3803348522168764,0.5296035281269412,0.6673153466099917,0.610108277143164
L_superiorparietal,0.6295450134759585,0.666349365960668,0.43352005494364243,0.4945927970968502,0.6651197029894298,0.33037799551245495,0.7229121813425613,0.35905487232739225,0.6012994735644737,0.6098831442052369,0.44536397692479346,0.43598305528804576,0.3321808868616676,0.46495896220813177,0.5948154532690966,0.6991377648239961,0.7327045240219837,0.760707040280848,0.8051012231976175,0.7347368278680162,0.4739558548172665,0.34827226572477343,0.4729305790862526,0.6526971972943953,0.8225535060471171,0.4998554695918056,0.4877856186557283,0.6574032223500006,0.6397110680039999,0.36742806001058265,0.40248497794752586,0.7940102774874926,0.3318589861923718,0.4903780288159809,0.36415728410016257,0.7679864917350367,0.5191888990665926,0.6887796250329012,0.5266028957885478,0.38708113730334953,0.47275550793061827,0.3848709301871252,0.7204338723233109,0.7733817475900912,0.7323146160082086,0.714459871521932,0.6282551502773307,0.7428332739195281,0.6669389621114817,0.8037204562537935,0.5329549042770448,0.5098710843700488,0.2476324000019263,0.5534517147805739,0.33453457822488814,0.47692685027564147,0.5251314956908404
L_superiortemporal,0.4237071793624401,0.46239348146249387,0.6554377277774024,0.6443454853092104,0.8230994006325378,0.6301770858664599,0.5003738399613561,0.5267287794083885,0.3705542462808033,0.4487826214936821,0.6156592430793438,0.6402224161415971,0.557124948147632,0.6385998665675378,0.3955510971183715,0.4839560570624413,0.49550655112846714,0.5252479812089831,0.6431368357748928,0.5478324916606926,0.6318227002835508,0.6245337305003479,0.6627238075634191,0.42778224827576866,0.7891499086558452,0.6792033667310982,0.7120158548058783,0.40879278610350817,0.41249808213217776,0.6559993905750623,0.6191720292920772,0.530051698365876,0.6223462108104697,0.6666320106805536,0.5580501816016673,0.5665072180372693,0.6406580488882208,0.3833515755954188,0.3400516493918407,0.6355222308938229,0.6144766109237068,0.54967263295057,0.4482110170491664,0.5212583228131745,0.4811681728458958,0.5155345288636761,0.44923844238677146,0.5107724323081965,0.4359174573284002,0.6053208674267713,0.32377084061724437,0.2749232967579729,0.306971971571029,0.312616003395083,0.4679540536718723,0.6042950098233062,0.7003387211456378
L_supramarginal,0.5532385865690074,0.5554146596042108,0.5312050937662954,0.5778348632352587,0.7535522046452509,0.4141538310461878,0.6380115733098056,0.43043382702244753,0.47761270471533906,0.5076037637303554,0.493236828293339,0.5470451829511225,0.41535253937536054,0.560534449977216,0.48333567030941554,0.6147354188766924,0.6380151343971553,0.6872526215338919,0.7615663122420603,0.6532602469718963,0.517969720988893,0.45276990921569576,0.5162767390079688,0.5304901533126642,0.8091194068815929,0.5784133467710801,0.5764387521762245,0.5834297885568885,0.5062274672605481,0.5217191085740932,0.5120492560240589,0.7368795863897382,0.4328806796868325,0.53691057852748,0.43027414674139686,0.6872807755383303,0.5991474374886683,0.5673313539225823,0.46477289449005893,0.5130533654357337,0.5229049603847415,0.44723695732036745,0.608232905561665,0.6947321774660414,0.6455955779426729,0.6111303409554361,0.5539628582100676,0.6552575455156456,0.513232699801965,0.7144175974513428,0.43064920665929424,0.38867141570104574,0.2921882820461896,0.40219300181549217,0.39807072346013506,0.5838011304598235,0.6155269328097427
L_frontalpole,0.294849666826734,0.31672565275068226,0.607903818194888,0.735348753985022,0.8514603973363121,0.5489408630161667,0.48939359745420796,0.5617420000937245,0.3528986608172972,0.3182494082759818,0.5491716840726355,0.6128492831230793,0.37796121610466993,0.6445040079020335,0.2325360596938974,0.543112265184911,0.579258988828308,0.7684120283686167,0.5311791644712028,0.4523155177551099,0.5860339803592689,0.5657002991836766,0.530559516504374,0.4028796852774376,0.7438072072969959,0.5903575102112295,0.5295177260673619,0.26307982603300234,0.4633770654425797,0.48694292390100014,0.45341018229872093,0.5261369616358341,0.4769294812815056,0.570755223990032,0.5236238809090041,0.566076799586832,0.6092441905470461,0.47560401938573965,0.2573920390713968,0.5056100522912265,0.610791847979355,0.4128411887985758,0.3752052071461355,0.4767861156169918,0.3491889559392385,0.5847027623543797,0.591953641102918,0.5173150040265079,0.44599008207587476,0.6290203410078912,0.2097073642975521,0.15723772148382403,0.39458753765710564,0.31743977862586575,0.37936231458915826,0.6302995393409851,0.5670531395458034
L_temporalpole,0.2514366880620443,0.29913088802473253,0.7549878598175345,0.6944624709038709,0.9054958989148141,0.7552619904317616,0.22665298817553178,0.7017622193850527,0.13010613896325365,0.24085101314616184,0.8455623455765721,0.7156685408311646,0.8107199197403204,0.7857018329595732,0.2438771850328068,0.20382204476815247,0.18297412324688944,0.18667621673067286,0.47150341103432075,0.3174247865904212,0.7976073315546242,0.7651587840480333,0.7923667970280691,0.2615975164458528,0.8012489774646504,0.8248982858567345,0.8877534715064002,0.1825356946537434,0.1712009918996998,0.8944258615560219,0.8072572119484548,0.27588043891352787,0.791873813130185,0.7786379051781002,0.7423006675147971,0.2772790417502832,0.7802266151754866,0.1756532336216293,0.21206527389688462,0.7558738977735907,0.8516783288717652,0.6753662291267135,0.20558027351935554,0.18860641679593898,0.2990512858954524,0.22059142967742001,0.2265327813333508,0.2243495103412118,0.170094455552429,0.3250628188394359,0.19879038404410818,0.19297612649891338,0.41564565792086483,0.11960545552522973,0.5998734081131456,0.7431511030388785,0.8533137158422832
L_transversetemporal,0.5842723128553955,0.6432596372860598,0.5299299870656712,0.5107028178064229,0.6337385902666118,0.467913702392099,0.6071177523880502,0.39326241384564065,0.5576192084182355,0.5165178104190906,0.3866676164112945,0.5596441538890659,0.35287781519237854,0.64153017107223,0.5520422276607616,0.7099166650412047,0.6580936335353365,0.7156904978014477,0.7621705763182298,0.6664104962582494,0.4313294944776073,0.38838483388890266,0.5707673899965625,0.5896125909866662,0.7716891687106289,0.6031885945960294,0.5040138852161288,0.5812483622195423,0.6064102294707837,0.4305883346582404,0.38078809385357176,0.6838660527842814,0.4234477698181623,0.5434576732023414,0.4501981283547032,0.7639874880201282,0.4896871136670306,0.5802714059313042,0.4588346061722812,0.4425453042505529,0.4568773892312494,0.40957137463533816,0.6659385845497426,0.7482229240673778,0.6795747767547103,0.7166118577547448,0.6635266255801978,0.6188338963653085,0.6240257905137093,0.7558060851475871,0.4050966005182117,0.4582828313137188,0.18820328662959218,0.4865189272278075,0.3642551170541714,0.38293612677298255,0.5977830163847262
L_insula,0.37123964668059856,0.4257833022776705,0.7480834716656335,0.7324911777535875,0.8454837241630252,0.6855791306219389,0.42596243419579644,0.6662972461659364,0.3566813678460421,0.3188773480166292,0.6970646426557701,0.7534279677665373,0.610549364790559,0.8121481230872942,0.3259120534069697,0.3887064150524768,0.4171931372755866,0.4420016550588186,0.5703427676400116,0.4615033305029974,0.7367833506898317,0.5994967397627713,0.6964096632447031,0.3524952135898662,0.6152265492379078,0.7490189844917299,0.7304356882830795,0.3746331402389715,0.4149346411970136,0.7367763079609598,0.7140325773527398,0.44402757642273744,0.660988666079628,0.7543880647433472,0.6568695637344231,0.48541651072067865,0.7229624426303992,0.30743120556115794,0.29361070355202457,0.7182730156944301,0.7185442643613658,0.5694682906233418,0.4035390860781529,0.41882378249957153,0.4312921412071104,0.4420396037930108,0.3509117550811731,0.3835540889784849,0.39959683463128987,0.5985363907018731,0.2778203123440624,0.27580403765665196,0.46528219360925993,0.2545882233482664,0.5572155475939241,0.6783469893181516,0.7174569012146182
R_bankssts,0.5477034804194241,0.5575719583247803,0.5706458852935917,0.560280633911458,0.7571918377702271,0.44240137326748913,0.6376186738954143,0.45332209498170023,0.48066499268695484,0.5018748448576993,0.5028727133051675,0.5290188741318116,0.43729494315066114,0.574673790164593,0.5017535499076952,0.6432910736386964,0.6261927467759814,0.6787454064807094,0.7405869870993556,0.6582263437648787,0.5229579387822403,0.5057792829748168,0.5478017754475735,0.5365403259954814,0.8315643463297754,0.5716935333977736,0.5862253935046218,0.574176426255598,0.5203171926707585,0.4166777349209269,0.49930530134776147,0.6735114020009422,0.437915977466044,0.540740857460024,0.43882332213107467,0.6877922191775813,0.5489840925035558,0.5466798100345804,0.4365842011251034,0.4985115110828752,0.5393047665822919,0.4402637592521192,0.5948894729080442,0.675666118641284,0.594188714995168,0.6836779733447833,0.6117898034904852,0.6487024237944806,0.5577558208971162,0.7152510512744982,0.42333769182867553,0.36926536268194954,0.2614670303891443,0.4355536481981352,0.3804897450657685,0.516890321027132,0.5942480362148527
R_caudalanteriorcingulate,0.22130476921998402,0.3947477421171957,0.760159662065262,0.7152228872167105,0.8851895727473701,0.6377593295414506,0.3037719212246107,0.7412337300617097,0.25370293653221526,0.21040918617315527,0.8221723168450824,0.7014005855741562,0.6434941965573017,0.8107917444276856,0.21164815599791106,0.22496028137140947,0.3085738430036596,0.4210551958529902,0.4822350532939827,0.37398323061959465,0.7421745251726509,0.5169695541014739,0.7342127173602201,0.30234156271071627,0.31397156206340754,0.7648332548420731,0.7165666541241147,0.3193187647761088,0.46012777032162516,0.7949533879986536,0.6790992370394392,0.35514214847226566,0.599863528213782,0.7465999314436876,0.7021386711276673,0.3684059999270728,0.7480399291033365,0.34567883160831675,0.26644121078034894,0.767075986002586,0.8065959944439177,0.6933447023809568,0.2893655585095368,0.2767633699815727,0.32546607560579144,0.3432145066002237,0.31554626020182236,0.21818654141582935,0.23685164212955703,0.6240665290630432,0.2632649413478982,0.2173145858254982,0.5586947362377227,0.17572218522943464,0.6234968848483238,0.7407572315551155,0.7245610523732036
R_caudalmiddlefrontal,0.5957823309257798,0.6157264831620592,0.5092853850515006,0.6368003698229251,0.7520174069993307,0.42643717654550656,0.470064154345371,0.4849523886554949,0.5947263055363914,0.635806857914793,0.5221660430631384,0.5411948929445648,0.36391555970711126,0.6324553679903651,0.5450230203394081,0.6156364398440585,0.7722987595618864,0.7438735606827711,0.6779136007594643,0.6606411839825157,0.5619623110740939,0.3106116424801021,0.5114164588033355,0.5945639706058136,0.493828701502675,0.5966229342509765,0.4948460902885914,0.7237481352987127,0.6768693260796211,0.4686971741272817,0.4771867696842615,0.7066195234715034,0.3379657535781723,0.5664262957368763,0.45522497026887226,0.7705910432063737,0.6168495945807381,0.639764881072214,0.5759215233967127,0.5169492475047831,0.5586143200185689,0.3965282756686535,0.710366044985232,0.7094460119034723,0.7008228072059426,0.6615686577703687,0.5462837067823311,0.6753991496077956,0.6405507782078407,0.799317221635884,0.4486174382703057,0.5181961956023351,0.5752365694875048,0.4847377353045255,0.46290123875092054,0.620270982788168,0.541700388242907
R_cuneus,0.5791196554613189,0.6193779155420654,0.4962319588602713,0.5422633077754013,0.7156396646173241,0.35820040572740325,0.7229775730468214,0.41922287165451083,0.5336084505857747,0.5885833843419638,0.46089791723948875,0.48215328869673413,0.3775507406268917,0.5272373712448463,0.5112169031494627,0.6562999112811233,0.6922850369464087,0.7489198968573497,0.7652628911072964,0.6829074815951608,0.5075897717736512,0.352054899140688,0.5058186649260392,0.6052131970515707,0.786521026796109,0.5172865825883216,0.5126962570008101,0.5878987985597671,0.6560850578215494,0.440892529841125,0.43938134520614686,0.7533901347994133,0.34723360895320715,0.5414238200083618,0.3983978456366147,0.7021337653288758,0.5607256247362561,0.655846833485327,0.46742873684945874,0.4274940435392715,0.4942488770429638,0.4498858979583706,0.6713857176721931,0.695806220391051,0.6852392329618441,0.6847589340791469,0.6163081003528493,0.6794277824586704,0.6276737291571574,0.7855092199161557,0.4648037351654319,0.44806846467488426,0.2676192222761282,0.48895781583334447,0.37878979215557523,0.5043222412205938,0.5345769620672339
R_entorhinal,0.19852162205070878,0.2506885011250806,0.8023122995819106,0.7480497448989465,0.870704013615919,0.8169437657130403,0.22239182439722158,0.7415148763426888,0.151801925120416,0.1627306934462596,0.8607045289680691,0.8440522588511702,0.7907061198276125,0.8068709221451772,0.17907357390067505,0.19065332404536792,0.1535177292610215,0.20260242583333696,0.3883202386375329,0.27080184871368707,0.8642532869155026,0.7533860421852595,0.9040388129136113,0.3024961542061441,0.6545029314067392,0.8509590694307456,0.7910340881712669,0.20878352654963817,0.1502142642831527,0.868726439043687,0.8158002051228329,0.23407683162938345,0.6095724349191601,0.8265830670400596,0.7802852215566518,0.2045698174822006,0.799382685478207,0.23722702014722485,0.22750411915950738,0.7911575869073576,0.7923857289336534,0.652476299753055,0.14805426642949762,0.21187348050153354,0.26501737649667506,0.2845895357017731,0.2509378257027086,0.16108182192573348,0.19553384461968545,0.2798959126018004,0.17243162463469355,0.12288488012153581,0.6053840274243381,0.155583864926772,0.5448085932289312,0.796794575458065,0.8753596401523365
R_fusiform,0.40755430317682045,0.4193898086783035,0.6806851884779075,0.6364387955207348,0.8158308045436775,0.6773605337950119,0.45481703109797933,0.563461811410253,0.3033689438656754,0.34927505086532457,0.6580283027197743,0.6547415168256943,0.6117071189341817,0.5955092794798013,0.3953076453081394,0.43679985111577113,0.40334205040426646,0.4570073900196709,0.6135339857417202,0.4934141383420995,0.6943100641313563,0.7163497724936622,0.6874048263629855,0.3870969598827967,0.8783923766277746,0.6878701804293161,0.7343045459502382,0.3715138447247078,0.3383765770210247,0.7092863701100106,0.6584480558512348,0.49262846976120045,0.6069276742046897,0.7043050348912203,0.6294787244025534,0.4822053637295858,0.6144257012697013,0.3669080228665315,0.323898798814851,0.6902715741897886,0.6039709245805178,0.48254577653708064,0.42481587562867124,0.4765299426131295,0.4486955492866582,0.5025878769486124,0.3922390054172851,0.4550055523436536,0.41022449894673546,0.5299725322170213,0.2840708519576813,0.24598194314559993,0.31849205490059435,0.2971495885626684,0.43683338940486266,0.6487882320479237,0.7214880790862215
R_inferiorparietal,0.6040070461496108,0.6212834293011588,0.49912195492131817,0.5192743404803498,0.6996517962407468,0.38846446468925944,0.6956236710187166,0.40350774722676447,0.5783770512693506,0.5428176243008375,0.46242037091616933,0.5094435152165184,0.4114254547937468,0.5410265466773628,0.5530071615289109,0.6788749019652993,0.6888631025183831,0.708518228790178,0.7771167599852408,0.7020070335526888,0.5026439370278517,0.420495827900441,0.5034768444286629,0.5972855416421995,0.8651295715950983,0.5424233316774097,0.5162812571344796,0.6236745354707743,0.5691918823921565,0.43304045885604636,0.44611551413219175,0.7608903688924659,0.38811026230814355,0.5489785509650549,0.40566217391703624,0.737337521074171,0.5114511366287916,0.6342187537198708,0.500808532093215,0.4309189457992653,0.48983153472897795,0.3670674847071997,0.6637234412124061,0.7406219383012328,0.6739712441060156,0.6777218032910541,0.6001788448053702,0.7033493714710247,0.6488202272739806,0.7757800415988906,0.47772407704573133,0.46373683866433274,0.270449219589672,0.5017227141568488,0.3554900797460798,0.53318610802855,0.5484495856216018
R_inferiortemporal,0.42231550737064016,0.4330699585519941,0.6613708748194759,0.6369923732491282,0.8405652890729902,0.6465281504362442,0.5175322789218318,0.5344511304811891,0.3441388278663425,0.36748812782579376,0.6544108866254748,0.64178016078038,0.5854043110204746,0.6152951996612515,0.4234790835392101,0.47935100841892875,0.47554612400403595,0.5427402225299786,0.6449356905025214,0.5229555870561915,0.6870428410603012,0.6950273457109408,0.6440710340673256,0.40716530034799203,0.8640908118186849,0.6674270381723374,0.7129138379700711,0.39713139314125306,0.3581030210627405,0.6845579283276654,0.6515342765665922,0.58150755433185,0.6172016213154351,0.6557303598382173,0.5832210424600263,0.5507820646960745,0.6275210809840623,0.4020292551764149,0.319606291778163,0.6473102994143344,0.6107218596210434,0.468059652607325,0.45627308253418214,0.519118381701803,0.4738060301673932,0.507661978991097,0.4409193654010206,0.5492468352853821,0.4499321003623796,0.5853336686239806,0.3014201114040916,0.2320092521234138,0.33177313928824753,0.29575709894520064,0.44078015228775436,0.6443674858982851,0.6876562873897418
R_isthmuscingulate,0.624143499858877,0.597575004991992,0.5721055363710382,0.5423108142360133,0.6963416932596121,0.3658210220930748,0.6965411764230032,0.46761421197041314,0.5594128049091255,0.5195519164026207,0.4920017580168115,0.5166369047494497,0.4565642975229606,0.6242863266206714,0.48043924985154485,0.7015370182811393,0.6406781157699143,0.7205625743234063,0.7139699126586748,0.6430341235081974,0.566699364997846,0.40667790076731897,0.5696807502572351,0.6059963684421016,0.7829928368421665,0.5971841154881733,0.5101941696184585,0.5910096571636246,0.6620564167912973,0.39267388253942764,0.4566892703224372,0.7632250400991752,0.35753663323204354,0.5333056971986719,0.47696111087603216,0.6695050879870929,0.5526543210647548,0.6523542971701111,0.44539347300017557,0.4446174106750866,0.5520659773365937,0.4117225365812766,0.650977728946811,0.6618581502911695,0.6922205233544667,0.6454505580641419,0.5943575778067952,0.6011803936072779,0.6537890997473009,0.790766531085033,0.38288302960705384,0.4149645709296301,0.320711170746702,0.4467073489978614,0.4377199035387512,0.5374146500413723,0.5126366477414805
R_lateraloccipital,0.6683235457753613,0.6968138265325822,0.4014307831374046,0.37528937110765903,0.522976349704842,0.315222295028539,0.7789909577525335,0.3036162346273788,0.6408261631120141,0.5836962017718842,0.3455823222912368,0.3943779592141277,0.32578825004440515,0.42509557913124213,0.6351417864647383,0.8020508733653241,0.7426370950219426,0.8161382724375358,0.8213518582528971,0.7438262359196202,0.438482134626121,0.37374590004014036,0.49338513274835744,0.6565612501733114,0.9004956012346268,0.4641303065247801,0.40573075430908045,0.6356496125906351,0.6690830718400244,0.3102211913987641,0.30688997113063665,0.802956600671453,0.2899694550365826,0.4388585333745445,0.32547536850188286,0.7611382671095214,0.32031534367743536,0.7466798907155493,0.5180603878026543,0.33089349709549715,0.3751347126663431,0.28733668495595444,0.7626842279548258,0.8027641745288604,0.7589247556779859,0.7902795470328225,0.681703084777357,0.7503632662429501,0.6977911180029969,0.8085045391599911,0.47826387717291063,0.5144280355368258,0.18606315012382915,0.596562662359931,0.2908279281863433,0.4325265100298017,0.4670527772118594
R_lateralorbitofrontal,0.41207868071373704,0.4639887982125605,0.7102599795307173,0.7522727770107792,0.8763516080947064,0.6267352535147485,0.4693051984407261,0.5404463991228444,0.3957186892743356,0.35874472417919406,0.6331697238698847,0.6772100444505483,0.5327090954417173,0.7078243029693896,0.3705050783858035,0.4464292870847302,0.5457138259749157,0.5635697135541746,0.5911989053985313,0.48715777116687514,0.7263483856275705,0.5346333733852565,0.6129464174899865,0.4196835671723617,0.7016684440308677,0.6859194159010521,0.6713809748169052,0.38922419096281646,0.48549785324959466,0.65868869874978,0.6440067448144963,0.5442094070408695,0.628464277479973,0.6879097067187375,0.6036898621845274,0.5651794843183616,0.7117775560059791,0.3759706510554764,0.30194936990578203,0.6780071673160534,0.7486850625419867,0.6238581657696972,0.4625488394062396,0.4433975358257829,0.4635705014782543,0.4505197495981996,0.42967585694224447,0.460338463471976,0.4955589451722406,0.5888023706104948,0.2367031372946815,0.22264093671701515,0.5038238561144169,0.23899570173136983,0.48416182246041184,0.6945140762959903,0.6893128540283332
R_lingual,0.6607553487463901,0.7326846162978007,0.35366241466935316,0.2910071209818387,0.4531885755714533,0.2811205049448076,0.8296458018367229,0.24490951871238478,0.6215022794491057,0.5473601520948594,0.3408762435653165,0.38523041278314657,0.2844739604154766,0.37875058386959043,0.6315950807764845,0.833185133582521,0.7021437025131408,0.7937820201369141,0.8417171278666946,0.7273106758040692,0.45451825808040075,0.30160013672911523,0.5001439991444755,0.6458355423994817,0.8644159272330088,0.43109511237372417,0.3508065106411821,0.5861723163359692,0.6944943526165998,0.2572183317943134,0.25037348256348074,0.7711116872611156,0.26632188872791257,0.4407516246230169,0.30299759812551746,0.7617610576757233,0.23417459603326196,0.7566261083305017,0.49769612070300234,0.2940575164937023,0.3273381696327416,0.26520448304153493,0.7780638792166868,0.8042623635002796,0.7662228764662112,0.8082248513220848,0.7032659861968713,0.7348450641521015,0.7356952157671941,0.8295089400740125,0.422990497999813,0.544752208833481,0.20864964035354663,0.5973325630444009,0.2639987598580321,0.32448813476633726,0.4352210098170732
R_medialorbitofrontal,0.34126730806056876,0.38428796779170726,0.7873392189081191,0.7848980607774062,0.9235497126499242,0.6749341966634331,0.44054885857903314,0.6375046665694775,0.3395699802162228,0.2855965312990379,0.7181759375536033,0.7195083740818892,0.5644078369028784,0.7484748581190176,0.28584370316678154,0.379444453193756,0.4529614672764295,0.5037711685935818,0.5887796892947076,0.42319592218743624,0.7794583924986376,0.5908336167725654,0.678612666967862,0.3138004721257648,0.6670174421898812,0.7202524480091822,0.7567591014048255,0.26969243576578567,0.43828791361045977,0.7316103509588682,0.716320139566114,0.5362972731356681,0.7177099196139362,0.7702087957120979,0.6584462138156731,0.44746894171328483,0.7716551791382432,0.30451863414328156,0.23585389496969475,0.7266405106284214,0.8239815372789074,0.662404793785236,0.35123062333973154,0.35217344613476326,0.3975298950186213,0.3761798678602754,0.3449972184655992,0.3701346491632072,0.41314952874063876,0.5274528602345424,0.18694606432912872,0.1557036446031341,0.5092941885838882,0.18060168653377054,0.5240902682603686,0.7253364253520643,0.7444444703088475
R_middletemporal,0.43902317070668606,0.4440738310637336,0.6462782256252352,0.6454234696842341,0.834342193306917,0.6099752897853485,0.5246667446066866,0.5311494650990275,0.3788621394853653,0.3775397335419095,0.6165210452273372,0.6133969370132041,0.5502497550254405,0.6264076927512473,0.41129042042941566,0.4825913495752807,0.5018431790016853,0.5680141347991918,0.6301863356036899,0.526042207706669,0.6625455273804404,0.6462227826845028,0.6202467480231467,0.41246287138404986,0.8580188939486297,0.6559361866506898,0.7158252291735346,0.4326551310675211,0.37597928776482353,0.6478298865442479,0.6351141710774895,0.5961251485577899,0.5890243781620436,0.621505331874403,0.5591916788995474,0.5757489891271893,0.630997804252059,0.4073435008630348,0.3122108262745747,0.6141426662100619,0.6097887409491739,0.43572176175627714,0.4565458929479593,0.5189795329451734,0.48260065738041075,0.5007751355238813,0.4484383812479986,0.5420554241188102,0.44759351831585864,0.5870418194848476,0.3169080057049068,0.2432806679329574,0.3492333674322446,0.28240292770019754,0.4234951792296335,0.6388683255277097,0.6774822774617335
R_parahippocampal,0.3028150420364794,0.3260083960740392,0.8317089136342203,0.7456991531948112,0.8306888542103144,0.794742714544185,0.40737624066299966,0.6998158586659766,0.23470319145651242,0.18036452611210566,0.8133073008799525,0.7813545151854284,0.7364567255251133,0.7269347664514121,0.2686290735027735,0.2934737366333352,0.2559555373275557,0.2782266483681933,0.4704018728088852,0.3350175695420176,0.8311954480217941,0.7714515802570131,0.8312462301106079,0.36127111079501467,0.7930035464127082,0.7798003395630305,0.7307631441105582,0.29854582175443384,0.2855831753254568,0.7838318919585068,0.7638616320480297,0.33255643596013124,0.5419884053611422,0.834820952116141,0.7700425471829827,0.33351210224623945,0.7508368358615841,0.22698431585337397,0.28146679214032827,0.7674984695516501,0.6538945705362057,0.6053043990838127,0.3307436258064625,0.32813367242919106,0.3179652391048782,0.377065743892293,0.2833166358470461,0.22620619209157855,0.4011309736680513,0.4266626007297118,0.17589186010847083,0.15772595014593557,0.5346706280667111,0.20917696298001856,0.5031043322264211,0.6403406419271674,0.7837942299172962
R_paracentral,0.6936113901019697,0.6738134149386287,0.47097669075092474,0.4650020783242415,0.5978097336650962,0.35096307250978703,0.519214276262848,0.3726393335031222,0.6329419367833654,0.7124065249747314,0.44768155352827094,0.519965861372408,0.35236352374370833,0.6467466711109712,0.6566341078128465,0.7058621866551998,0.7635385601632682,0.6767281882364765,0.7398860399599373,0.7549737955708968,0.4899154353907082,0.27654015192421844,0.49388400223854223,0.6807521062193116,0.45288263321463007,0.5735554682537358,0.3886547173939425,0.8052987542954692,0.7467172684972844,0.42115609120154635,0.401938197095298,0.7221538330346705,0.2264977514470928,0.5027881775219889,0.367454111367937,0.7779353177138429,0.4880204339138758,0.7127613600309748,0.6805082346500134,0.4747236452136907,0.37916551870548726,0.47324394179242907,0.7412357978074944,0.7518800456551128,0.7131012709360535,0.7141508726420439,0.628131475403338,0.6566514004836185,0.6213419035422363,0.8606280660372643,0.6291699824375169,0.6512075134525427,0.4115226411982856,0.5792544906205497,0.6068565097548146,0.4593298184216021,0.5426132742644468
R_parsopercularis,0.5927901117776648,0.538812812265978,0.662117395281202,0.7015818595849957,0.8098760793600278,0.47111778861106507,0.5350054070295239,0.500618400579174,0.5271883686359171,0.5632909073571054,0.5339239625557759,0.6584787190498854,0.4442180779458298,0.774991639738705,0.4942084588648516,0.6000062182158986,0.6997993152672229,0.5841352987583283,0.6729055713645152,0.5964338916921267,0.6265335384287615,0.3779298195520904,0.5502104191973851,0.5162451053497316,0.5958784152018551,0.693716783455114,0.5692487403660976,0.6665093234019254,0.5585388698378099,0.5388165885787879,0.5601980455073357,0.6355621875910049,0.42852226632614204,0.6266831647168751,0.48408514814563414,0.6866261033835301,0.6678329741335295,0.5081661199499968,0.4422621891437674,0.5551388404058134,0.6234210333391906,0.5017781161403282,0.5773645470276922,0.6152452100055357,0.5540505998998925,0.5934746146654445,0.5458795486403988,0.5647892007336989,0.5536556709926052,0.7035930965115856,0.3449038515874736,0.38082521034909655,0.5435085924768407,0.32461375972093387,0.5158502436128533,0.6224422269992878,0.6418452021974558
R_parsorbitalis,0.4494834791074369,0.4836422926347235,0.6077486535990023,0.6772302175791679,0.8254273951988946,0.4945750297052801,0.554285706792109,0.5297456671814882,0.45630546012880446,0.4682136372336105,0.5547600612863672,0.5605969790772327,0.4466846047406138,0.6688312482492815,0.4463934200369407,0.5924180205520249,0.6302906952221274,0.6094740984983067,0.6812361933376807,0.5264098793607243,0.577588642937522,0.41074374177093104,0.5182660155986555,0.4617975932971566,0.6705576055315392,0.5647489903673699,0.5763741710243251,0.4746021712787636,0.5257401830020185,0.5274399075099743,0.5673360562004635,0.6093953239796944,0.5006498701227506,0.602581382560409,0.5070572564448326,0.6778029132763634,0.6536829831769388,0.5251734447438765,0.3000759881695438,0.4989493596461477,0.6878371329657744,0.5823702304630216,0.5090358413442602,0.5870371890566659,0.5157212983896928,0.5298707649659109,0.5659809246897696,0.5911027295721486,0.5198869748344791,0.662656103149436,0.2537067728322218,0.24111678281489374,0.45637780177197507,0.3520970070236843,0.40449326725754653,0.6021201559830687,0.6094662985594873
R_parstriangularis,0.6040672094235041,0.5436576513793858,0.6105586850985489,0.712427931086447,0.813296383934444,0.47270334160071387,0.566304050701087,0.47586685486812114,0.5379402323688485,0.5229238621077393,0.5053853238835697,0.6479348970544972,0.48437271708692303,0.7187421216512564,0.5060046784740113,0.6140371104630682,0.7010682240257807,0.6667676437237656,0.70578260822484,0.5861876092522321,0.587485585389449,0.42985337356138137,0.5371092710986608,0.5033811248328207,0.6729423859596197,0.6762326944882585,0.5664714988613716,0.6261069367545841,0.5092723546387568,0.5194622258637024,0.5786709340437873,0.678305036069403,0.4644884199124592,0.6280191789229548,0.49382631830728024,0.7177416604706988,0.6788135632123092,0.49138842893229895,0.42481415942430445,0.5536648033802075,0.6703480860150307,0.5326321451879609,0.5969938854332241,0.6464438747585216,0.6027673323071457,0.5866597159604903,0.5315120482879384,0.6030637741375552,0.6050885691398303,0.6844594709630686,0.2962624269370563,0.35142572191771665,0.49747318599833595,0.3456901984015688,0.47924225742154,0.6056396610374266,0.6407300615451491
R_pericalcarine,0.7810093977282354,0.8786034090670153,0.1968964143679173,0.14971111675787557,0.24041795892421594,0.19781460760445468,0.8696460942231391,0.16758595962151626,0.7544669797898838,0.6339366684662083,0.21982470779429572,0.2693702840124839,0.14906311643031178,0.2818087211813687,0.7471136658112414,0.9326323073064456,0.7836474633061488,0.9058142489812457,0.893675310835305,0.8358854090056628,0.35838653424023764,0.13492544541083565,0.43904852198710137,0.7575216710363156,0.8605924122630775,0.3517301036690656,0.2073768086014632,0.6861470889519694,0.8102610877863022,0.14096454344555548,0.09080435134301341,0.8513559420816169,0.2075411585211783,0.34639251824604383,0.1613163080940219,0.8767783825360297,0.0851831314909648,0.8685434462102232,0.5931087021711764,0.17662433854573087,0.19348544181949448,0.10797070660175985,0.8940026703332236,0.9215662614832932,0.8883629136691966,0.9161798659360199,0.7615206228392318,0.800850604687431,0.8314543221369483,0.9099502301000565,0.49217461931062206,0.6971672676825431,0.18720616287990877,0.6730896427961951,0.20386860889485406,0.21218935486223633,0.32590153553693746
R_postcentral,0.6890041226885707,0.7088020238974266,0.3930889140826522,0.36147357694985094,0.5114583847170896,0.2640626769498581,0.6726567644220748,0.30527603958115607,0.6420092406781336,0.6657702377497455,0.29614777055080393,0.45143867937614135,0.2819133889441121,0.5630688611542071,0.6601183927401298,0.7755129636642546,0.7391246127049512,0.7656641294405643,0.8225342981445675,0.7752738970294657,0.37075471857323167,0.2707873096602388,0.45436798431785447,0.6605597283416443,0.7329769204463941,0.5191010197160281,0.3903894862371296,0.7303869417041233,0.6764604641526736,0.33405057298057206,0.32646907406364567,0.7764861587314629,0.26612644360811033,0.43761283149504826,0.3395405843557684,0.8140965438833055,0.4040659727122892,0.6959900340874321,0.5958622670963977,0.34920267688561074,0.39938655631949027,0.36029650526046414,0.7232199765536138,0.8190762207431268,0.7559481206165756,0.76962018662682,0.7196890085375282,0.7054911641314324,0.6349198927793842,0.825256307312474,0.5476954024893881,0.6132194471196261,0.19685784292225714,0.5538193696152471,0.4036196699184829,0.37838552128600594,0.4896769142510295
R_posteriorcingulate,0.49196471386478113,0.47965244849356004,0.7236907833219811,0.6609955381712247,0.7958776368049106,0.5225863306591615,0.5014488347975935,0.593154111625456,0.43036996239737674,0.4296639001028566,0.6176539375546009,0.6606566182922898,0.5080423533204259,0.7436512602137414,0.3839587786282134,0.45805870609426824,0.5415240425388848,0.5605018594784629,0.6283117187882314,0.5428434986302665,0.6558994834894979,0.4782871789243089,0.6137286907495921,0.44927287424848855,0.5716636595801924,0.6920394849130312,0.6092266265041314,0.5687778553099955,0.5884083219490313,0.600638600850229,0.6019570435243969,0.5627226425708266,0.42930074259953255,0.6658696420344073,0.500203744035907,0.5561677079026608,0.6766802170454271,0.485460401735957,0.40290321632451104,0.6080440126204056,0.6257022227613196,0.534586766937749,0.4624055894292493,0.5055436983017687,0.5139104197862089,0.535809908675393,0.4909672952800191,0.4470768127094145,0.4566396884000339,0.7429643306726458,0.3334227268991965,0.36677291599480877,0.43249976069031,0.3605455589413218,0.6317514795067715,0.6108078120601754,0.6103337748481164
R_precentral,0.6901661231395324,0.6656362141952502,0.4406091610799199,0.42472600333574523,0.5952706389637309,0.3207424734978734,0.4680955113793573,0.3530530847116911,0.6242394689630867,0.7030847004999958,0.4123310595931314,0.48999523927071453,0.3360558381632033,0.6249047768883352,0.6353127967820473,0.7049078500691147,0.7723642183540501,0.7336995859010526,0.7250651514513002,0.7565540188305361,0.45579007987370407,0.27368046523054307,0.45555543449983954,0.6307710194537982,0.4106226614078956,0.5645720093952785,0.39350981758774334,0.7780374905049774,0.6993328043077405,0.4110651021179627,0.3945716955812339,0.7457867120640058,0.22549287677056565,0.47291585589821433,0.3712755561196372,0.7855815559854983,0.47427511648958537,0.6809433195035585,0.6507504818831382,0.4379487836362263,0.3911317587491527,0.4179156893291269,0.7077993543215757,0.7698783433200385,0.7440332095645172,0.7466433067382735,0.6585085531324107,0.6680919400088213,0.592588831975143,0.8405252372758731,0.5843448210694812,0.6360933622568559,0.4525456850585456,0.5642455789524711,0.562732455830747,0.5090899359528949,0.4818810368788549
R_precuneus,0.5791196554613189,0.6193779155420654,0.4962319588602713,0.5422633077754013,0.7156396646173241,0.35820040572740325,0.7229775730468214,0.41922287165451083,0.5336084505857747,0.5885833843419638,0.46089791723948875,0.48215328869673413,0.3775507406268917,0.5272373712448463,0.5112169031494627,0.6562999112811233,0.6922850369464087,0.7489198968573497,0.7652628911072964,0.6829074815951608,0.5075897717736512,0.352054899140688,0.5058186649260392,0.6052131970515707,0.786521026796109,0.5172865825883216,0.5126962570008101,0.5878987985597671,0.6560850578215494,0.440892529841125,0.43938134520614686,0.7533901347994133,0.34723360895320715,0.5414238200083618,0.3983978456366147,0.7021337653288758,0.5607256247362561,0.655846833485327,0.46742873684945874,0.4274940435392715,0.4942488770429638,0.4498858979583706,0.6713857176721931,0.695806220391051,0.6852392329618441,0.6847589340791469,0.6163081003528493,0.6794277824586704,0.6276737291571574,0.7855092199161557,0.4648037351654319,0.44806846467488426,0.2676192222761282,0.48895781583334447,0.37878979215557523,0.5043222412205938,0.5345769620672339
R_rostralanteriorcingulate,0.28130252165173913,0.3641002381738709,0.8167151706368144,0.78489400402409,0.922972703562623,0.6757600862085976,0.4191312213292475,0.7201969526688347,0.2427945620722742,0.19186277620373945,0.7511479460427232,0.7514132473352637,0.5952058947818825,0.7936876163948633,0.22983707692683072,0.3097282910237922,0.34001455871924563,0.407981955312142,0.566293570184809,0.3373854247818442,0.8010497821636816,0.6105118951753882,0.7416216619972115,0.2716281849748054,0.5517970110213998,0.7473926607024658,0.7665622723427736,0.23231773138873046,0.4952449559322658,0.800785429737478,0.7536411003806603,0.40348787097934924,0.6747266191870104,0.7880827198216221,0.7312133032959139,0.3447642942745921,0.7762741460356942,0.2836817181309934,0.20527335959332896,0.7763255966764527,0.811899201655219,0.7156345220733661,0.24535401757328787,0.29554323299257096,0.32882021877201045,0.34635917536483524,0.31671976054776363,0.23061907634322223,0.29171946588335484,0.5704025796324964,0.18290498629947574,0.14366684752933645,0.5471367133477657,0.13225732050531933,0.6173278246784123,0.7231378301016069,0.7574999398565784
R_rostralmiddlefrontal,0.4978033881925003,0.5174940699817536,0.6248185874772482,0.7135277175283745,0.8506982002852981,0.5225791529936411,0.5890125926570804,0.5220645730375937,0.4964323319837427,0.46805399914243573,0.567751752296615,0.5764829453488131,0.4277434971951876,0.6560312535811821,0.4407656642469426,0.5737870549076075,0.692094645654051,0.6742188664562304,0.6532943179877773,0.5741583617769,0.6351420874310888,0.4064066090237768,0.5386899004692477,0.4994472817255804,0.6868948047180486,0.6041690942706931,0.5915992321788577,0.518020200246097,0.5781794016738784,0.5411746796453195,0.5577618479712753,0.6429043309935837,0.533404279448232,0.6359083336812136,0.5358987509487708,0.6795482813913427,0.6814764257726075,0.5140237373708396,0.3623303453011281,0.5480363427992883,0.6332187194867748,0.5217120019896306,0.5704727927305974,0.595148546491021,0.5680937312816571,0.5429563236070267,0.5224357407924077,0.6124842679640555,0.5813249663432982,0.6912911677282253,0.27265511533758974,0.29389282650166243,0.4795984895783378,0.3360312157519571,0.4145660678005542,0.62788558455787,0.6133256404602317
R_superiorfrontal,0.5129089212078632,0.5137137390673868,0.6442359313874201,0.6768624207058725,0.8131746264131064,0.5102155168020354,0.46075796160606747,0.5490397214072643,0.4921868053131049,0.4976813522583874,0.6037896423850596,0.6314577701320304,0.4520530922822927,0.705314298286836,0.44017480424856,0.5073228369080384,0.6543040186126118,0.6676878959723126,0.6043438057014462,0.5874864183895036,0.646360935375473,0.41795448673289876,0.5508653349467513,0.49577672504736264,0.4914813899655331,0.6567694767533911,0.5851539902049381,0.6041780820570984,0.6247605303588911,0.5800059685682634,0.5639473391549891,0.629157487327287,0.4364579322033659,0.6282750548003939,0.5320583991262776,0.6726440688446212,0.6776581230794784,0.5127418855113176,0.46215318620555945,0.5967566662951577,0.590384644581496,0.48640991206180556,0.570716819622889,0.5863564968838129,0.5862662518490378,0.57292942550428,0.4927367555599346,0.5338628870074974,0.5287202820663944,0.723505149323986,0.3754367509099126,0.3933579873704433,0.6042169721458945,0.3803348522168764,0.5296035281269412,0.6673153466099917,0.610108277143164
R_superiorparietal,0.6295450134759585,0.666349365960668,0.43352005494364243,0.4945927970968502,0.6651197029894298,0.33037799551245495,0.7229121813425613,0.35905487232739225,0.6012994735644737,0.6098831442052369,0.44536397692479346,0.43598305528804576,0.3321808868616676,0.46495896220813177,0.5948154532690966,0.6991377648239961,0.7327045240219837,0.760707040280848,0.8051012231976175,0.7347368278680162,0.4739558548172665,0.34827226572477343,0.4729305790862526,0.6526971972943953,0.8225535060471171,0.4998554695918056,0.4877856186557283,0.6574032223500006,0.6397110680039999,0.36742806001058265,0.40248497794752586,0.7940102774874926,0.3318589861923718,0.4903780288159809,0.36415728410016257,0.7679864917350367,0.5191888990665926,0.6887796250329012,0.5266028957885478,0.38708113730334953,0.47275550793061827,0.3848709301871252,0.7204338723233109,0.7733817475900912,0.7323146160082086,0.714459871521932,0.6282551502773307,0.7428332739195281,0.6669389621114817,0.8037204562537935,0.5329549042770448,0.5098710843700488,0.2476324000019263,0.5534517147805739,0.33453457822488814,0.47692685027564147,0.5251314956908404
R_superiortemporal,0.4237071793624401,0.46239348146249387,0.6554377277774024,0.6443454853092104,0.8230994006325378,0.6301770858664599,0.5003738399613561,0.5267287794083885,0.3705542462808033,0.4487826214936821,0.6156592430793438,0.6402224161415971,0.557124948147632,0.6385998665675378,0.3955510971183715,0.4839560570624413,0.49550655112846714,0.5252479812089831,0.6431368357748928,0.5478324916606926,0.6318227002835508,0.6245337305003479,0.6627238075634191,0.42778224827576866,0.7891499086558452,0.6792033667310982,0.7120158548058783,0.40879278610350817,0.41249808213217776,0.6559993905750623,0.6191720292920772,0.530051698365876,0.6223462108104697,0.6666320106805536,0.5580501816016673,0.5665072180372693,0.6406580488882208,0.3833515755954188,0.3400516493918407,0.6355222308938229,0.6144766109237068,0.54967263295057,0.4482110170491664,0.5212583228131745,0.4811681728458958,0.5155345288636761,0.44923844238677146,0.5107724323081965,0.4359174573284002,0.6053208674267713,0.32377084061724437,0.2749232967579729,0.306971971571029,0.312616003395083,0.4679540536718723,0.6042950098233062,0.7003387211456378
R_supramarginal,0.5532385865690074,0.5554146596042108,0.5312050937662954,0.5778348632352587,0.7535522046452509,0.4141538310461878,0.6380115733098056,0.43043382702244753,0.47761270471533906,0.5076037637303554,0.493236828293339,0.5470451829511225,0.41535253937536054,0.560534449977216,0.48333567030941554,0.6147354188766924,0.6380151343971553,0.6872526215338919,0.7615663122420603,0.6532602469718963,0.517969720988893,0.45276990921569576,0.5162767390079688,0.5304901533126642,0.8091194068815929,0.5784133467710801,0.5764387521762245,0.5834297885568885,0.5062274672605481,0.5217191085740932,0.5120492560240589,0.7368795863897382,0.4328806796868325,0.53691057852748,0.43027414674139686,0.6872807755383303,0.5991474374886683,0.5673313539225823,0.46477289449005893,0.5130533654357337,0.5229049603847415,0.44723695732036745,0.608232905561665,0.6947321774660414,0.6455955779426729,0.6111303409554361,0.5539628582100676,0.6552575455156456,0.513232699801965,0.7144175974513428,0.43064920665929424,0.38867141570104574,0.2921882820461896,0.40219300181549217,0.39807072346013506,0.5838011304598235,0.6155269328097427
R_frontalpole,0.294849666826734,0.31672565275068226,0.607903818194888,0.735348753985022,0.8514603973363121,0.5489408630161667,0.48939359745420796,0.5617420000937245,0.3528986608172972,0.3182494082759818,0.5491716840726355,0.6128492831230793,0.37796121610466993,0.6445040079020335,0.2325360596938974,0.543112265184911,0.579258988828308,0.7684120283686167,0.5311791644712028,0.4523155177551099,0.5860339803592689,0.5657002991836766,0.530559516504374,0.4028796852774376,0.7438072072969959,0.5903575102112295,0.5295177260673619,0.26307982603300234,0.4633770654425797,0.48694292390100014,0.45341018229872093,0.5261369616358341,0.4769294812815056,0.570755223990032,0.5236238809090041,0.566076799586832,0.6092441905470461,0.47560401938573965,0.2573920390713968,0.5056100522912265,0.610791847979355,0.4128411887985758,0.3752052071461355,0.4767861156169918,0.3491889559392385,0.5847027623543797,0.591953641102918,0.5173150040265079,0.44599008207587476,0.6290203410078912,0.2097073642975521,0.15723772148382403,0.39458753765710564,0.31743977862586575,0.37936231458915826,0.6302995393409851,0.5670531395458034
R_temporalpole,0.2514366880620443,0.29913088802473253,0.7549878598175345,0.6944624709038709,0.9054958989148141,0.7552619904317616,0.22665298817553178,0.7017622193850527,0.13010613896325365,0.24085101314616184,0.8455623455765721,0.7156685408311646,0.8107199197403204,0.7857018329595732,0.2438771850328068,0.20382204476815247,0.18297412324688944,0.18667621673067286,0.47150341103432075,0.3174247865904212,0.7976073315546242,0.7651587840480333,0.7923667970280691,0.2615975164458528,0.8012489774646504,0.8248982858567345,0.8877534715064002,0.1825356946537434,0.1712009918996998,0.8944258615560219,0.8072572119484548,0.27588043891352787,0.791873813130185,0.7786379051781002,0.7423006675147971,0.2772790417502832,0.7802266151754866,0.1756532336216293,0.21206527389688462,0.7558738977735907,0.8516783288717652,0.6753662291267135,0.20558027351935554,0.18860641679593898,0.2990512858954524,0.22059142967742001,0.2265327813333508,0.2243495103412118,0.170094455552429,0.3250628188394359,0.19879038404410818,0.19297612649891338,0.41564565792086483,0.11960545552522973,0.5998734081131456,0.7431511030388785,0.8533137158422832
R_transversetemporal,0.5842723128553955,0.6432596372860598,0.5299299870656712,0.5107028178064229,0.6337385902666118,0.467913702392099,0.6071177523880502,0.39326241384564065,0.5576192084182355,0.5165178104190906,0.3866676164112945,0.5596441538890659,0.35287781519237854,0.64153017107223,0.5520422276607616,0.7099166650412047,0.6580936335353365,0.7156904978014477,0.7621705763182298,0.6664104962582494,0.4313294944776073,0.38838483388890266,0.5707673899965625,0.5896125909866662,0.7716891687106289,0.6031885945960294,0.5040138852161288,0.5812483622195423,0.6064102294707837,0.4305883346582404,0.38078809385357176,0.6838660527842814,0.4234477698181623,0.5434576732023414,0.4501981283547032,0.7639874880201282,0.4896871136670306,0.5802714059313042,0.4588346061722812,0.4425453042505529,0.4568773892312494,0.40957137463533816,0.6659385845497426,0.7482229240673778,0.6795747767547103,0.7166118577547448,0.6635266255801978,0.6188338963653085,0.6240257905137093,0.7558060851475871,0.4050966005182117,0.4582828313137188,0.18820328662959218,0.4865189272278075,0.3642551170541714,0.38293612677298255,0.5977830163847262
R_insula,0.37123964668059856,0.4257833022776705,0.7480834716656335,0.7324911777535875,0.8454837241630252,0.6855791306219389,0.42596243419579644,0.6662972461659364,0.3566813678460421,0.3188773480166292,0.6970646426557701,0.7534279677665373,0.610549364790559,0.8121481230872942,0.3259120534069697,0.3887064150524768,0.4171931372755866,0.4420016550588186,0.5703427676400116,0.4615033305029974,0.7367833506898317,0.5994967397627713,0.6964096632447031,0.3524952135898662,0.6152265492379078,0.7490189844917299,0.7304356882830795,0.3746331402389715,0.4149346411970136,0.7367763079609598,0.7140325773527398,0.44402757642273744,0.660988666079628,0.7543880647433472,0.6568695637344231,0.48541651072067865,0.7229624426303992,0.30743120556115794,0.29361070355202457,0.7182730156944301,0.7185442643613658,0.5694682906233418,0.4035390860781529,0.41882378249957153,0.4312921412071104,0.4420396037930108,0.3509117550811731,0.3835540889784849,0.39959683463128987,0.5985363907018731,0.2778203123440624,0.27580403765665196,0.46528219360925993,0.2545882233482664,0.5572155475939241,0.6783469893181516,0.7174569012146182
Laccumb,0.2675305388394303,0.3270817864055721,0.7270852065999319,0.7592424287329202,0.6056465968556339,0.4942550074640654,0.7161612148252946,0.8376558199890316,0.24191660766768808,0.08099768318282748,0.5941224390916713,0.4831870632169593,0.8042723237989562,0.3773356277032331,0.49325722887578854,0.24841563893370588,0.19284171202226127,0.12458534991542919,0.34758822354554814,0.17952914574223242,0.5427916424755822,0.7495182944401707,0.6051194146598594,0.36866921030539634,0.202876457697295,0.446456055694149,0.8046293328538526,0.40382294828045245,0.17490697275713252,0.5609808720056421,0.8831699702757699,0.17767031339358622,0.7558924908548135,0.6293550434322214,0.6710094242598661,0.03000747549353119,0.7563210692377732,0.2190617473420121,0.3352245878941649,0.7369345461299135,0.13171180022787918,0.8079936587191474,0.30403902918037073,0.08521046115498128,0.1573062085537266,0.02935555475710906,0.49754884549984607,0.22829137554639778,0.17196569916634522,0.18274146478756367,0.8032416929035532,0.3853344003371258,0.6404209228878791,0.43211250373818144,0.936215116847234,0.36713165884050447,0.5388977129800175
Lamyg,0.17564516105857253,0.1872045102267291,0.7254262081927411,0.8230936435930171,0.6765705926155632,0.8384773575531042,0.2331481474961137,0.8476017371359291,0.10171246819100387,0.07968122052477895,0.8111024751834403,0.6992378012414057,0.7978931292818371,0.4932648457088687,0.15349624921426833,0.22319415978722343,0.16241638655477578,0.12324035339518051,0.2598314516994093,0.15342129698923765,0.844993062842394,0.9323076936241765,0.8499708762017536,0.276410642147688,0.14863624000795742,0.809053152958707,0.6598431432862589,0.27764736147427477,0.060475718702501784,0.8198495916827683,0.8571300520812505,0.18195004098657286,0.7104472568729325,0.8285776416309109,0.7908586118861566,0.0554211231963621,0.6431228482541888,0.1676759268419397,0.28468124131805145,0.7280516597629086,0.31787299003224695,0.6715185090254611,0.17227699731286594,0.2181062132642562,0.1623488045622481,0.13129765349368003,0.2537527971286841,0.15133981740582053,0.12586834707285935,0.27846752304253314,0.476903857909945,0.3411000064609946,0.4939400748827227,0.32932130124879455,0.6551235100994861,0.7595498112591569,0.5660566791696049
Lcaud,0.3059232492536362,0.15134889945324415,0.3856240625152075,0.2899621627081674,0.26733694674616965,0.6050634773152886,0.896254606066889,0.5766989812234159,0.20839322341640953,0.04702700285395373,0.2732507916556551,0.6193206100194067,0.3624191645273838,0.26091901678254875,0.15815090666454892,0.5582951829894979,0.06365425052171657,0.15469043164546725,0.5301155145351174,0.15399382066622266,0.43631310495600606,0.7476636470291503,0.9379903032091549,0.26000839076697096,0.20859323568592333,0.7785061497268929,0.8675964695003815,0.12491315524473319,0.055293879114786816,0.3146591416591401,0.7918836801988186,0.2810893278245381,0.909589466214415,0.7480108150328756,0.43746854726010503,0.05534058000449704,0.8050287261432905,0.31104663795306803,0.20746417353822197,0.7601463169909489,0.10962155631761906,0.1658072516511957,0.28258874725113703,0.25314023729172647,0.37990491732841175,0.11789773111587017,0.7127260275051025,0.09507215590066072,0.08535445323507014,0.3336950397258313,0.8787201405579023,0.7464627096676876,0.9102336259875247,0.171675800819837,0.918619708577609,0.6797778201778465,0.905964452947181
Lhippo,0.2714903187521499,0.19864019517860085,0.5680678201043367,0.49013221036833815,0.423420798554939,0.8797553882943108,0.18321715534505198,0.31955685096539277,0.31376870243785465,0.15464571108014083,0.6747332927959895,0.7964015571588536,0.31220929732005803,0.2775157211779636,0.25945536248484724,0.3344439881323283,0.301159555926166,0.2689682884034621,0.4032662269952975,0.306378152688634,0.6508134970783924,0.7136793567832665,0.6253217094748125,0.42318223461791304,0.3964270908501502,0.8005048046955278,0.4258174851582335,0.4628532142678405,0.4201015785903859,0.461935102730112,0.684065862200976,0.3029161351727679,0.3947203532352673,0.5651621412609944,0.8033466527149246,0.29621213244750083,0.6165152382949751,0.5133878491512139,0.4482830066516235,0.6319292088676867,0.2278629762142732,0.6462586647799509,0.4757856777027989,0.38075224634868476,0.3113004674200867,0.4350566454278668,0.1970455009161497,0.20675328084189407,0.3241426530576221,0.45153971520582076,0.2824633006277441,0.4026958820089464,0.7835841483553795,0.4317691339438718,0.32799401819353485,0.5588325412878016,0.4962820466296957
Lpal,0.3058325450967867,0.5126123832076016,0.3955950021700157,0.5053636326346491,0.4375089778150168,0.4244349627312049,0.5543555936876111,0.778166864110235,0.4438825756399513,0.31963964720629745,0.391398389249783,0.2772042328627824,0.548917957283033,0.360230391458376,0.5350174785270742,0.3536629114947351,0.3805580880217854,0.3232867726555277,0.27928272302763674,0.38145845569908704,0.2430592059027807,0.6714288568043232,0.4276060272609365,0.4291342778076314,0.4150827509570872,0.4625733848431908,0.5463696326628926,0.6110022508154852,0.42542577955389155,0.6433405299610205,0.647556253302937,0.24721974455480236,0.7740857664144348,0.4402866322362235,0.5461904700158063,0.3661793844073226,0.5069043743258992,0.4469392184119514,0.5632238489644866,0.5072877305516367,0.13378920787865958,0.42226792412005903,0.3623654322184023,0.3299889040570543,0.31808251339851384,0.31778288987459724,0.661950379385396,0.43932377895055025,0.13157524346824723,0.21852239986766817,0.7018263841706057,0.5752090831970527,0.5977805527543051,0.5637565481119899,0.8094792988265437,0.34420197358655064,0.49135929111805693
Lput,0.3498342473363734,0.26314265829872724,0.3550068821827348,0.3274266817744141,0.445042357680069,0.5167037828306946,0.6190854247877143,0.6530059048499524,0.30057860268449144,0.1523922581119103,0.3806128733356546,0.5052318288781866,0.44197167533622067,0.4198818734873891,0.2506999119374131,0.4555952200711391,0.16262790551587722,0.3113159089635985,0.3997823721762148,0.2795934786337909,0.37392277338050167,0.6148876277775047,0.7159680059385121,0.26921077240733743,0.31135807549051553,0.6746477010176543,0.7072802822370323,0.33769801460236915,0.20322838706923574,0.48059040955621196,0.6799730724313471,0.29098098685008833,0.7581914688348922,0.5904601517512972,0.4602362395692483,0.22173204274668315,0.5969547516093452,0.3506772983091515,0.3552510377091756,0.6564655747601317,0.21439185895354154,0.34236101252508616,0.3429754601016357,0.29489275942147825,0.3458634907016432,0.27216048906761264,0.5835948578680966,0.22756603230014383,0.1539393694150755,0.40294974207334006,0.7067698974456808,0.5986688359679971,0.8031306692615082,0.3316484970840586,0.7422055839867703,0.6369604354823956,0.6290474433962193
Lthal,0.5391695741709339,0.3913286620804806,0.3466543328103562,0.3080519531251527,0.22540160361054842,0.5473101482350462,0.33020591531799864,0.5252938968035533,0.6179174165489774,0.659298700036751,0.266393465886866,0.44449946777792526,0.4938119695940825,0.278796516348735,0.6900280935545604,0.41427325462148373,0.5204605496801246,0.5129507161645057,0.18155519820540753,0.5230573813823335,0.19702292390279405,0.3671558849247621,0.2397773387445176,0.5917823813670579,0.28109341787758785,0.267778895504824,0.5879389229195371,0.7396677693746904,0.5174446329635869,0.4583012824744315,0.38964466402371367,0.3980685455482946,0.5955770353729091,0.2254534730501453,0.6302338379258036,0.7524992561491772,0.2290637718478472,0.4892816872730527,0.6714434729757622,0.2119452972277055,0.140161333868926,0.22645149792270983,0.6392889640438587,0.5281260365753672,0.47381691411958576,0.5062430098947269,0.514918025336298,0.6576547524779227,0.5744412251930764,0.11389549063375694,0.616680772418001,0.5610647352798913,0.7994141564886963,0.6053690496468563,0.5633712765867137,0.24737604650547726,0.21465426313425193
Raccumb,0.2675305388394303,0.3270817864055721,0.7270852065999319,0.7592424287329202,0.6056465968556339,0.4942550074640654,0.7161612148252946,0.8376558199890316,0.24191660766768808,0.08099768318282748,0.5941224390916713,0.4831870632169593,0.8042723237989562,0.3773356277032331,0.49325722887578854,0.24841563893370588,0.19284171202226127,0.12458534991542919,0.34758822354554814,0.17952914574223242,0.5427916424755822,0.7495182944401707,0.6051194146598594,0.36866921030539634,0.202876457697295,0.446456055694149,0.8046293328538526,0.40382294828045245,0.17490697275713252,0.5609808720056421,0.8831699702757699,0.17767031339358622,0.7558924908548135,0.6293550434322214,0.6710094242598661,0.03000747549353119,0.7563210692377732,0.2190617473420121,0.3352245878941649,0.7369345461299135,0.13171180022787918,0.8079936587191474,0.30403902918037073,0.08521046115498128,0.1573062085537266,0.02935555475710906,0.49754884549984607,0.22829137554639778,0.17196569916634522,0.18274146478756367,0.8032416929035532,0.3853344003371258,0.6404209228878791,0.43211250373818144,0.936215116847234,0.36713165884050447,0.5388977129800175
Ramyg,0.17564516105857253,0.1872045102267291,0.7254262081927411,0.8230936435930171,0.6765705926155632,0.8384773575531042,0.2331481474961137,0.8476017371359291,0.10171246819100387,0.07968122052477895,0.8111024751834403,0.6992378012414057,0.7978931292818371,0.4932648457088687,0.15349624921426833,0.22319415978722343,0.16241638655477578,0.12324035339518051,0.2598314516994093,0.15342129698923765,0.844993062842394,0.9323076936241765,0.8499708762017536,0.276410642147688,0.14863624000795742,0.809053152958707,0.6598431432862589,0.27764736147427477,0.060475718702501784,0.8198495916827683,0.8571300520812505,0.18195004098657286,0.7104472568729325,0.8285776416309109,0.7908586118861566,0.0554211231963621,0.6431228482541888,0.1676759268419397,0.28468124131805145,0.7280516597629086,0.31787299003224695,0.6715185090254611,0.17227699731286594,0.2181062132642562,0.1623488045622481,0.13129765349368003,0.2537527971286841,0.15133981740582053,0.12586834707285935,0.27846752304253314,0.476903857909945,0.3411000064609946,0.4939400748827227,0.32932130124879455,0.6551235100994861,0.7595498112591569,0.5660566791696049
Rcaud,0.3059232492536362,0.15134889945324415,0.3856240625152075,0.2899621627081674,0.26733694674616965,0.6050634773152886,0.896254606066889,0.5766989812234159,0.20839322341640953,0.04702700285395373,0.2732507916556551,0.6193206100194067,0.3624191645273838,0.26091901678254875,0.15815090666454892,0.5582951829894979,0.06365425052171657,0.15469043164546725,0.5301155145351174,0.15399382066622266,0.43631310495600606,0.7476636470291503,0.9379903032091549,0.26000839076697096,0.20859323568592333,0.7785061497268929,0.8675964695003815,0.12491315524473319,0.055293879114786816,0.3146591416591401,0.7918836801988186,0.2810893278245381,0.909589466214415,0.7480108150328756,0.43746854726010503,0.05534058000449704,0.8050287261432905,0.31104663795306803,0.20746417353822197,0.7601463169909489,0.10962155631761906,0.1658072516511957,0.28258874725113703,0.25314023729172647,0.37990491732841175,0.11789773111587017,0.7127260275051025,0.09507215590066072,0.08535445323507014,0.3336950397258313,0.8787201405579023,0.7464627096676876,0.9102336259875247,0.171675800819837,0.918619708577609,0.6797778201778465,0.905964452947181
Rhippo,0.2714903187521499,0.19864019517860085,0.5680678201043367,0.49013221036833815,0.423420798554939,0.8797553882943108,0.18321715534505198,0.31955685096539277,0.31376870243785465,0.15464571108014083,0.6747332927959895,0.7964015571588536,0.31220929732005803,0.2775157211779636,0.25945536248484724,0.3344439881323283,0.301159555926166,0.2689682884034621,0.4032662269952975,0.306378152688634,0.6508134970783924,0.7136793567832665,0.6253217094748125,0.42318223461791304,0.3964270908501502,0.8005048046955278,0.4258174851582335,0.4628532142678405,0.4201015785903859,0.461935102730112,0.684065862200976,0.3029161351727679,0.3947203532352673,0.5651621412609944,0.8033466527149246,0.29621213244750083,0.6165152382949751,0.5133878491512139,0.4482830066516235,0.6319292088676867,0.2278629762142732,0.6462586647799509,0.4757856777027989,0.38075224634868476,0.3113004674200867,0.4350566454278668,0.1970455009161497,0.20675328084189407,0.3241426530576221,0.45153971520582076,0.2824633006277441,0.4026958820089464,0.7835841483553795,0.4317691339438718,0.32799401819353485,0.5588325412878016,0.4962820466296957
Rpal,0.3058325450967867,0.5126123832076016,0.3955950021700157,0.5053636326346491,0.4375089778150168,0.4244349627312049,0.5543555936876111,0.778166864110235,0.4438825756399513,0.31963964720629745,0.391398389249783,0.2772042328627824,0.548917957283033,0.360230391458376,0.5350174785270742,0.3536629114947351,0.3805580880217854,0.3232867726555277,0.27928272302763674,0.38145845569908704,0.2430592059027807,0.6714288568043232,0.4276060272609365,0.4291342778076314,0.4150827509570872,0.4625733848431908,0.5463696326628926,0.6110022508154852,0.42542577955389155,0.6433405299610205,0.647556253302937,0.24721974455480236,0.7740857664144348,0.4402866322362235,0.5461904700158063,0.3661793844073226,0.5069043743258992,0.4469392184119514,0.5632238489644866,0.5072877305516367,0.13378920787865958,0.42226792412005903,0.3623654322184023,0.3299889040570543,0.31808251339851384,0.31778288987459724,0.661950379385396,0.43932377895055025,0.13157524346824723,0.21852239986766817,0.7018263841706057,0.5752090831970527,0.5977805527543051,0.5637565481119899,0.8094792988265437,0.34420197358655064,0.49135929111805693
Rput,0.3498342473363734,0.26314265829872724,0.3550068821827348,0.3274266817744141,0.445042357680069,0.5167037828306946,0.6190854247877143,0.6530059048499524,0.30057860268449144,0.1523922581119103,0.3806128733356546,0.5052318288781866,0.44197167533622067,0.4198818734873891,0.2506999119374131,0.4555952200711391,0.16262790551587722,0.3113159089635985,0.3997823721762148,0.2795934786337909,0.37392277338050167,0.6148876277775047,0.7159680059385121,0.26921077240733743,0.31135807549051553,0.6746477010176543,0.7072802822370323,0.33769801460236915,0.20322838706923574,0.48059040955621196,0.6799730724313471,0.29098098685008833,0.7581914688348922,0.5904601517512972,0.4602362395692483,0.22173204274668315,0.5969547516093452,0.3506772983091515,0.3552510377091756,0.6564655747601317,0.21439185895354154,0.34236101252508616,0.3429754601016357,0.29489275942147825,0.3458634907016432,0.27216048906761264,0.5835948578680966,0.22756603230014383,0.1539393694150755,0.40294974207334006,0.7067698974456808,0.5986688359679971,0.8031306692615082,0.3316484970840586,0.7422055839867703,0.6369604354823956,0.6290474433962193
Rthal,0.5391695741709339,0.3913286620804806,0.3466543328103562,0.3080519531251527,0.22540160361054842,0.5473101482350462,0.33020591531799864,0.5252938968035533,0.6179174165489774,0.659298700036751,0.266393465886866,0.44449946777792526,0.4938119695940825,0.278796516348735,0.6900280935545604,0.41427325462148373,0.5204605496801246,0.5129507161645057,0.18155519820540753,0.5230573813823335,0.19702292390279405,0.3671558849247621,0.2397773387445176,0.5917823813670579,0.28109341787758785,0.267778895504824,0.5879389229195371,0.7396677693746904,0.5174446329635869,0.4583012824744315,0.38964466402371367,0.3980685455482946,0.5955770353729091,0.2254534730501453,0.6302338379258036,0.7524992561491772,0.2290637718478472,0.4892816872730527,0.6714434729757622,0.2119452972277055,0.140161333868926,0.22645149792270983,0.6392889640438587,0.5281260365753672,0.47381691411958576,0.5062430098947269,0.514918025336298,0.6576547524779227,0.5744412251930764,0.11389549063375694,0.616680772418001,0.5610647352798913,0.7994141564886963,0.6053690496468563,0.5633712765867137,0.24737604650547726,0.21465426313425193
